d4b8dee3-6185-4139-89ce-b1db30fd88d0,,1,277802,KS,XZ,DD,XX,,XX,, 
52f14ba1-49cb-4cf7-9794-9b7d6f3d5756,,1,198459,AU,,D1,,DV,,, 
69824ffa-f311-4944-9749-911d8c944d0f,,1,175885,KS,,DD,XX,,XX,, 
7e1a966d-4fe5-4c20-b88e-deb4d141af57,,1,77292,KS,,D2,XX,,XX,, 
5a8776c1-64c6-4448-9d7d-4a755166b101,,1,143115,KS,,D3,XX,,XX,, 
6cb614fc-536b-4fa3-b74f-dd7b50f4806f,,1,113392,KS,XC,D2,,DV,,, 
a628366f-c518-4617-b35d-0bf70faf8885,,1,283565,KS,,D2,,,,, 
c0f61069-9cb3-40b8-aa29-b3dc10f01f53,,1,178589,KS,,D3,XX,,XX,, 
4dc379e6-ebf9-408e-a2eb-63ded63d0676,,1,41409,KS,,,XX,,XX,, 
3e983661-62b6-440c-96e9-f2637fa8b4e8,F,1,217987,KS,,D2,,,,L1, 
bd038407-40e9-48fc-bb3f-16122447f8a7,,1,166309,KN,XD,D3,,,,, 
12bd0af8-1891-4607-8f02-d693cb00d9d3,,1,86345,KN,XX,D3,,DV,,, 
8821104a-567a-425b-99a2-d4dc3cbbeaf2,,1,260837,KN,,D3,XX,,XX,, 
d3828883-8296-4bfe-8360-ecb83a1ad791,,1,124591,KS,,D3,XX,,XX,, 
4be3200f-240d-4043-8de2-bf928b4f41cf,,1,12602,,,D3,,,,, 
480ecf37-a039-4291-9af4-79494555b7bc,,1,249053,AC,,,,,,, 
ed96dac2-6d40-4c30-96f0-71cd608aef7f,,1,175689,KN,,D3,XX,,XX,, 
840463f8-fc2a-41c1-b619-95420444e942,,1,53268,AC,XZ,D2,XX,,XX,, 
56303247-7574-40a9-8aca-74a1d8d3e1b8,,1,178273,KS,,D1,XX,,XX,, 
b7b495f9-b022-493a-ae31-b4a83e426068,,1,117297,AU,,D2,XX,,XX,, 
8c9268d1-44e4-4908-9bf2-a490ca30c480,,1,108796,KN,XZ,D3,,,,, 
175b3635-2ffe-4844-8118-b1825343c3ad,,1,72047,AU,,D3,,V1,,, 
a94f4727-f5c7-4a48-9040-3dd9289ed0a6,,1,41319,AP,,D3,,,,, 
b288fa9d-d162-4bcf-9e68-3bff14a124c7,,1,47220,AU,XD,D2,,,,, 
1ac59921-3cd1-4ab7-bce8-7a103f6cd312,,1,138234,KS,,D1,,,,, 
716b564c-7e75-4607-ab4c-158c8c4a0d63,F,1,35125,KS,,D3,XX,V1,XX,L1, 
e238408d-ef08-450e-8f24-902c44fb9175,,1,40194,KN,,D3,XX,,XX,, 
3f478fe4-ef31-4f3d-92bc-e84df722515e,,1,174955,KN,,,,,,, 
18a4354a-dd20-4ccd-8daf-0cc800c5f790,,1,251896,AU,,DD,,,,, 
d7b62166-aab2-41d0-b46b-e70f4c27f328,,1,287772,KN,,D1,XX,,XX,, 
fd11fd31-2e23-471b-bbbe-837db161428e,,1,62211,AC,,D2,,,,, 
619e4655-3a91-40be-964d-c4520ca2032b,,1,42706,KS,,D3,XX,,XX,, 
74e3853b-53bf-4a77-8a3b-1869ca61ad46,,1,55779,KS,,D3,XX,,XX,, 
bff2a1e9-595c-4f9b-9bc7-e52c2d52fb0c,,1,151536,KN,,D2,XX,,XX,, 
27bdf08b-470b-471d-b3e6-a836aa25f946,,1,203999,KS,XZ,D2,,,,, 
04350970-cae8-4653-812f-69642fb0a2f1,,1,170557,KS,XZ,D2,XX,DV,XX,, 
a1fd0fd5-06f0-426d-97cc-bc7461fc9a58,,1,119125,KS,,D1,,,,, 
0bd9efee-436f-41a7-8d80-ebcd9b4c5aa2,,1,259693,KS,XD,D2,,,,, 
1733301a-f1f5-442a-ae1a-ddc35e37dd4c,,1,217518,KN,XD,D2,,V1,,, 
92e6bad9-13e1-41e2-9c9d-d04353af46e0,F,1,93957,KN,,D3,,,,DL, 
5424b8f6-b553-4491-aa6d-4db07beacaee,,1,119280,KS,,D3,XX,,XX,, 
a79df3ce-fe0f-490d-8c37-1df2d9d040fc,,1,181945,KN,,,,,,,XX
eb430375-ef18-463e-8cf5-37f1a3e77f23,,1,196509,KS,,DD,,,,, 
2cb57a9c-be71-4a29-bd04-f42275f19662,,1,142748,,XD,D2,XX,,XX,, 
971331fd-6435-4344-bf81-efa6468f01c1,,1,228535,KS,,D2,XX,V1,XX,, 
27bca7e8-bff7-4d8a-b466-3795bf9c727f,,1,89224,KS,XX,DD,XX,,XX,, 
f0f6fef0-c72a-45e4-a523-42091a3474d9,,1,33096,KS,,D3,,,,, 
8125fd40-384a-4d17-ab6b-ea2de434a8cf,,1,165412,AU,XZ,DD,XX,,XX,, 
515e18f2-1b88-44eb-9e9c-8f89cf7adf29,,1,123499,AU,,D1,,,,, 
763cbbd0-5617-4bb2-bd93-601c3c379c20,,1,226787,KS,,D1,,,,, 
002e2d2a-62bd-4ffb-afba-825368b3ceb8,,1,268664,DM,XZ,D3,XX,,XX,, 
e6330f0d-fabc-4546-9018-965cdf5d6f2b,,1,169446,KS,XZ,D1,XX,,XX,, 
7b93e9a2-9862-4824-ab7f-372d2fbb58c1,,1,96628,KS,,D3,,,,, 
008b1232-bb7c-4399-b2a7-6688475f423b,,1,129483,KS,,D3,,,,, 
c4aa578f-30b5-4886-ba0b-9c97877bf222,,1,98419,KN,,D3,XX,DV,XX,, 
87fac00e-7b4a-4a5e-a873-749ed1ffd28f,,1,21700,,,D3,,,,, 
41b36e43-7f00-4524-8abd-56594cf6f35a,,1,187064,KN,,DD,,,,, 
1fe8607c-53a8-49de-b3d5-7757480afdea,F,1,102598,KS,XZ,D3,XX,,XX,DL,XX
f6a3b061-c333-4c82-ba09-dfce21011090,F,1,287856,KS,,,XX,,XX,L1, 
43200221-f3d7-46ed-b359-54c204e6a528,,1,162952,KS,XC,D3,,,,, 
062d2240-f105-4801-9a9f-f7919539889c,,1,262433,KN,XZ,D3,,,,, 
4e548f7a-ad5f-4bd2-89a3-0b25dbb46e01,,1,279218,,XX,DD,,,,, 
6fa30cc6-48fc-4770-a744-17b40dbc7f6d,,1,75918,KN,,D3,,V1,,, 
ef272c32-5abb-4716-bf77-2be271b831e7,,1,47610,KN,,D3,XX,,XX,, 
930ed5e2-afce-4e8b-84aa-736c8f0eee3f,F,1,176484,KN,,D2,,,,L1, 
b9b3a61d-79d1-458f-9db2-0d8076ba8619,,1,67575,KN,XZ,D3,,,,, 
13c3cc00-fef4-4f1a-ad3f-77079a969df0,,1,291183,DM,,D3,,,,, 
e2a48b20-0778-4485-92b6-039a0ee99be4,,1,79688,KS,,,,,,, 
cf825bd7-09b2-460d-b6b1-af3ebe3cd302,,1,289527,KS,,D2,XX,DV,XX,, 
bf63f891-f046-42ab-88f2-8cc1372d28ea,F,1,142808,AU,XX,D3,,,,L1, 
4d9b23a5-0dae-46c3-980a-ee0f5cad9be1,,1,139020,KS,,,XX,,XX,, 
8c6c98c2-d2ad-4b3e-a89c-03a7e6ad7fc8,,1,11386,KN,,D3,XX,,XX,, 
b36c3621-4b11-4331-86d6-6f4192c4931e,,1,204570,KN,XX,DD,XX,DV,XX,, 
ccfb5e34-6727-4faf-8ee4-4fc6258e467e,,1,46849,KS,,D1,,,,, 
5a7c8068-8c16-41cf-a11e-903eff85044f,,1,207577,AU,XD,,XX,,XX,, 
cec16ee7-55ac-4e09-822c-9d8b53976257,,1,175471,KN,,D2,,,,, 
c551b157-a996-43ee-8347-a09c106126a8,,1,123096,KS,,D1,XX,,XX,, 
e00e3015-c68b-4a22-b745-bff873c112fc,,1,25952,KN,,D2,,,,, 
4775cf15-cb67-4c7a-999b-6d83c19fbf4c,,1,259934,KN,,D3,,,,, 
a61a6f7a-7be9-42e9-941f-2a44bc35c1df,,1,34325,KN,,,,,,,XX
94388fcd-84c3-4cc1-8b47-fae9f35354ba,,1,140679,KN,XD,D3,,V1,,, 
03f1cfd1-4cc7-4cdc-acc6-1f697916cd1f,,1,79922,,XZ,D1,,,,, 
b67e6872-11a9-495f-99c1-558defd5efe0,,1,18182,KS,XC,D2,,DV,,, 
e36c3ab2-37bf-47f0-bff5-8aac9088634a,,1,236751,AU,,D2,XX,,XX,, 
54e3cdb8-cb55-4cf4-aea2-3391288187b4,,1,250476,,,DD,XX,,XX,, 
2a4567e9-16df-476b-9597-0e203e84fcd3,,1,135582,KN,,D2,XX,,XX,, 
189aaf6d-b64e-494d-ba1b-f36068986069,,1,256696,KS,XC,D2,,DV,,, 
f8f2f76d-af36-41cd-aac8-10130e68fb8b,,1,236484,KS,,D3,XX,DV,XX,, 
31dc15bf-085e-478d-ad02-e9bdadb6b564,,1,304537,KS,XZ,D2,,V1,,, 
4c80ee9a-c227-4fea-b032-43660c69a383,,1,292357,,,D3,,,,,XX
77c4a51e-a6c1-4dd5-8e58-8f1948126537,,1,198745,KS,,D3,XX,,XX,, 
2e24d0cc-2a16-40e3-ba0b-2ff04e4c4118,,1,68019,KS,,D3,,,,, 
3a3129a2-5663-4107-9da4-dde36237c416,,1,279397,KS,XZ,DD,,,,, 
9b14cdfa-cb0c-461c-b75f-f51e4044f456,,1,270827,KN,,D2,XX,,XX,, 
18f9c933-6537-43c0-92bb-d002fb31446b,,1,196054,KS,,D3,,,,,XX
3cc2daf7-dca0-4883-a3ca-de5ef37a1d0a,,1,123236,KN,XZ,D3,,,,, 
55f479e4-70a3-4e32-a681-b32999b1cabc,,1,68435,KS,,DD,,,,, 
6071f9bd-8239-486c-a467-21fb8caebbb6,F,1,223842,KN,,D1,XX,V1,XX,DL, 
78fc3d02-7087-40ff-af9d-f76ab5bae5c3,F,1,255635,KS,,D3,,DV,,L1,XX
a02d8ab8-57ab-4d34-a069-0fd6df393d9e,,1,93779,,,,XX,,XX,, 
d4ae9a5e-1ffd-47ae-9fa3-ed93034f8320,,1,70199,AU,XZ,D3,,,,,XX
ddf021b3-0bb9-43b1-afce-6387e9bd0569,F,1,84197,AP,,D3,XX,,XX,L1, 
f59c1794-09cd-4e9c-98e7-58640f30433e,,1,273821,,XD,D3,,,,, 
3c4f3417-7983-40a6-a379-2ff686bd731f,,1,286842,KN,,D1,,,,, 
f60035ee-a135-4cd7-af58-f7741bd84a47,,1,166030,KS,XZ,D2,,,,, 
3f0f7621-8619-40a8-aebe-3790d0c59d30,F,1,88726,KS,,D3,,V1,,DL, 
a8b228d5-be61-4fb5-97f0-0f9be205f819,,1,260546,KN,XX,D3,XX,,XX,, 
639bf91f-4711-461e-bab7-a824c50e2c5b,,1,103687,KS,,D1,XX,,XX,, 
d127fdc8-a807-494e-8a54-a8df6d7d29bc,,1,86916,AU,,DD,XX,,XX,, 
608068f8-c98c-4036-930f-4430aff20a27,,1,16148,KN,XZ,D3,XX,,XX,,XX
2b337b69-c392-4923-9764-67d934fcc904,,1,276562,AU,XD,,,DV,,, 
19233a86-4cf4-4b69-96ac-78027d0dcf54,,1,41989,KS,,D3,XX,,XX,, 
8649e4bc-0e7c-4f03-8ef7-923ee613c748,,1,75172,KS,,,XX,,XX,, 
407661e7-158e-4b77-a6ee-fbf1c2a11740,,1,286122,KS,,D1,XX,,XX,, 
6627e99f-ebef-461d-9c95-e059bafdbfde,F,1,81058,AU,XX,D2,XX,DV,XX,DL, 
834c49d2-7ce9-4e16-afb4-660ff03d77ba,,1,279709,KS,,DD,XX,,XX,, 
8db5d817-2ce1-4092-b1a4-6a1fda89a83b,,1,211441,KS,,D2,,,,, 
681ede12-fe77-4bf3-8ba4-d64c601db0cc,,1,15767,KN,,D1,,V1,,, 
39bc38ec-b0ef-44ea-bf44-d080e2a63667,,1,78165,KS,XZ,D2,,,,, 
7c86cf67-7afa-4a9a-a757-9f367ce22325,,1,284871,KS,,D1,,,,, 
7929f031-6bdf-4a28-be99-7891797c1225,,1,43093,AP,,D3,,,,, 
f51257d9-42fc-4afa-b311-e4f9b1df594f,,1,296869,DM,,D2,XX,,XX,, 
645f814c-1bac-4691-83c5-64ce3acaa420,,1,246195,KS,,D2,XX,,XX,, 
394b6d00-cf1e-40c8-ac44-0e4e49f956ba,F,1,204595,KN,,,,,,L1, 
4afde5e9-b14e-4337-a1b0-3aea708acb59,,1,67772,KS,,D3,XX,,XX,, 
05d87265-92da-41ad-81be-5d89acf19914,,1,171866,KS,,D3,,,,, 
460303d3-11f9-4144-bd7e-c87900bbf1b3,,1,261222,KN,,D3,,,,,XX
36daf286-4a1a-4aa4-a178-a411924fd229,,1,118327,AC,XZ,D1,XX,,XX,, 
e84fe2a1-e234-4223-a364-3856dd67ceec,,1,95460,KS,,D3,XX,,XX,, 
6038143b-929d-4337-b4fc-b70f47f84adb,,1,233828,KS,,D3,,,,, 
b2e998b0-452b-49f5-95e8-adfba5ebd2b4,,1,296923,KS,,D3,XX,,XX,, 
5886cc0b-07db-4055-b18f-83d43cd7978c,,1,70733,KS,XD,DD,XX,,XX,, 
a4da89d5-36ce-4255-9110-172c34680b94,,1,134314,KS,,DD,,,,, 
acbb2bd8-845f-4b8c-979f-3747e79d07a3,,1,212196,KS,,,XX,,XX,, 
da847069-c825-420e-9c69-e0d21863a375,,1,86066,KS,,D2,,,,, 
3796a3d8-8c22-4c7a-a2ba-a09aeeeb0c78,,1,65321,KS,,D3,,DV,,, 
0a726de5-1144-4b2a-95f0-ec8546e204e2,,1,187545,KN,,D3,,,,, 
d2cad5e8-2c4c-4233-9752-47a40b2cc9f2,,1,113959,DM,,D1,XX,DV,XX,, 
490112f4-f9ed-47d8-879e-23d62c875f6c,F,1,20250,,,,,,,L1,XX
207f9c5e-b43a-4e8d-adbf-0a860a2bc4d1,,1,82062,AC,,,,,,, 
9348c244-3366-425f-9e99-77235bc951cf,,1,169955,KS,,D3,XX,,XX,, 
09b56191-591b-42fe-935b-fa2311a03e54,,1,180171,KS,,,,V1,,, 
cac82ec3-65cf-4515-b6ae-e0b8c7a8b59e,,1,220835,AU,XZ,D3,XX,,XX,, 
c06f917e-a65b-449a-9240-b2fa3a2f3ac1,F,1,83353,AU,,D3,,DV,,DL, 
14180e2a-0e79-4955-9eb6-336851dd3a62,F,1,103453,KS,,D2,XX,,XX,DL, 
140381d5-6bfe-4291-9efb-57493ff78620,,1,60854,KS,,,,DV,,, 
230c7611-f06b-4abb-9ee6-7b90d82af6e8,,1,30859,KS,,,,,,, 
6d3a85d1-5d0c-4a7b-bff6-15d3e3571749,,1,159020,AP,,D3,,,,, 
dc3a946c-97cd-4587-83e7-5e82e98c1c11,,1,267256,KS,XD,D2,,V1,,, 
f21b5ab9-7e80-48e7-9d3e-ef7550391ec9,,1,49571,KS,,D2,,,,, 
28520fc1-53a7-48bc-aafc-5040474371cb,,1,150826,KS,XD,DD,,,,, 
9f8a04c1-0a01-4e8c-bbf1-c149cbe0fdc0,,1,169024,KS,,,,DV,,, 
2c3d8e6d-54ec-4fb1-b167-c3593ea2be76,,1,89290,KN,,,,,,, 
c65dbee2-d7a8-4c08-8b60-7b8f34c34d10,,1,84188,KS,,D3,,DV,,, 
a1e159fa-fb3a-4cd0-9374-be9ffa4b3649,,1,36873,KN,XZ,D2,,,,, 
2aa2ddca-423e-4e4b-9144-0769d58d033b,,1,20455,KS,XX,D2,XX,,XX,, 
d90a0da7-9f9f-4cfb-b399-c44911e7a862,,1,227923,KN,,D2,,,,, 
ea8e893a-6b73-4f24-9a70-6f570e6255d8,,1,71172,KN,,D3,XX,,XX,, 
6a4d0d69-f6e1-4f5c-83a7-3f218e259033,,1,105871,KS,,D3,,,,, 
53af368d-36b7-4c4f-9b7d-dc61aec0e270,,1,299439,KS,,D3,,,,, 
fd687ed2-ecdb-4687-a967-0f3ee9204017,,1,169400,KS,XZ,,XX,,XX,, 
ba9a05ee-78d6-40f4-aa86-a315af3291a9,,1,39048,KS,XZ,D2,,,,, 
6673afd3-268e-44f1-a05e-2ba479b3f32f,,1,246467,KS,XZ,D1,,DV,,,XX
db7dd149-3c7e-4462-a1ba-8f1e3d8392c2,,1,236584,KS,,D2,XX,,XX,, 
d5ab0a31-a3a8-4f77-b6f2-992c1b1382be,,1,58855,KN,,,XX,,XX,, 
ba9f5dbd-ca2b-415a-a4e8-18b871e54ccd,,1,196084,AU,XD,,,,,, 
0d14bd44-7c62-45bd-842e-f5533698faa1,F,1,292244,KS,XD,D1,,,,L1, 
1eafd60c-e5ae-463a-a71f-1c90cf29231b,,1,148198,,,D3,,,,, 
a7c86083-1aec-44df-91e3-85523a0396db,,1,255182,AU,,D2,,,,, 
63675032-e44f-48da-b740-f6e7a5f2818a,,1,241399,AU,,D3,,,,, 
25a69d43-19c3-4c04-a005-30f11ec90e40,,1,39502,KS,,D2,,,,, 
e05033c9-2090-4a2f-8258-3aa0af7193ee,,1,119521,KS,,D3,XX,,XX,, 
aab63d99-b1b3-468c-af49-bc7cf2d2e76e,,1,72900,KN,XD,D2,,,,, 
aa8a009b-f183-4e35-a511-5a6350e34014,,1,100812,KS,,D1,,,,, 
10e19a07-b70a-43cf-ae03-9b6ea3d67fba,,1,142494,KS,,D3,,DV,,, 
ba2b0d12-e646-4428-97b2-ece69172784c,,1,279727,KN,,DD,,,,, 
9a79806d-4ab9-4685-982a-704c033ccbd2,F,1,270551,KS,,D1,,,,DL, 
07d2411e-bfca-4650-a25b-d26f2dbf877f,,1,272151,KN,,,,V1,,, 
60d48c9e-c70c-4667-8832-fae78dd501d2,,1,37691,KS,,D2,XX,,XX,, 
fbecf6c2-186a-4c2f-9bbe-67ebfe208b36,,1,263490,KS,,D3,,,,, 
122c85c5-b2be-49b1-89f9-d077ec9d6644,,1,308977,KS,,D3,,,,, 
5d3aefaf-4cbd-4028-880c-154c8cdefbb3,,1,242260,AU,,D3,,,,,XX
3f425aa7-f7c3-4c77-997e-1dd831bebd4b,,1,175327,KS,,D2,XX,V1,XX,, 
98b80895-ba10-4345-923b-bf624c812868,,1,19266,KN,,D3,XX,,XX,, 
78ced0bc-6423-46e2-9358-d620cb4ebdc5,,1,282436,KS,,D3,,,,, 
04fc261d-d87d-4d4b-98e3-1ea2d356213f,,1,210121,KN,,,,,,, 
e21098e0-8a1a-4b6d-9ec9-e836fc615c97,F,1,87368,AC,,D3,XX,,XX,L1, 
01cb3508-79b0-4e5a-bbdd-9001282d328f,,1,170123,,XC,D2,,,,, 
9a2e509c-660b-402a-96be-f8860d1d3361,,1,94269,AC,,D1,XX,DV,XX,, 
f031bd3d-d889-4d01-ae26-8b281f7d83b9,,1,15429,KN,XZ,D3,XX,,XX,, 
d680f290-13f1-4658-acdc-13d196710ef6,,1,256197,KN,,,,,,, 
c4ec7182-3e5d-4f7e-9fa8-fe450ef19e23,,1,70065,AU,,,XX,,XX,,XX
eb266f5a-8401-43f8-bcb2-2701259bab38,,1,125669,KS,,D3,,,,, 
335f5f5d-7f86-4d83-8c19-e2eb9c54394a,,1,178501,KS,,DD,,,,, 
37295655-a484-4d3f-bb04-1a9968792b9c,,1,38293,KS,,,XX,,XX,, 
84ebcc49-149d-4cc9-b76a-725e4d898cd5,,1,147057,KS,,,XX,,XX,, 
8a1fa1f0-6f7c-46b2-9ab5-a255bf5dd93f,,1,287795,KS,,D3,,,,, 
b57ded12-7074-4c2a-a5a2-52a6c1943dde,,1,283882,KS,,D3,,V1,,, 
8008ddb0-a036-478b-bdea-3caee04b8962,F,1,140402,KS,,D3,XX,,XX,DL, 
f3e53787-4c2e-4db4-a473-5874507890ae,,1,81160,AC,,DD,,,,, 
ceb96705-2d4b-4594-9d58-a91ddf47887b,F,1,115326,AC,,,XX,,XX,DL, 
002b0800-dcec-4a81-8460-cf77ef693ecb,,1,226165,KS,,D3,,,,, 
27986e45-7d4e-4c9d-bf94-cbe1150e9ba5,,1,18438,KS,,D2,XX,,XX,, 
6531da32-dbd4-469b-9d38-bf6c24651b08,,1,265351,KS,,D3,,,,, 
d51c104c-ba56-44d6-a8f2-94ce0f01a0ec,,1,268207,KS,XZ,D2,,,,, 
b1379f98-1602-4b3a-8b17-280eb65ca7f0,,1,249927,KS,,DD,,,,, 
2bb00fc1-d529-40aa-ab2e-23af52213ca8,,1,210305,KN,,D2,XX,,XX,, 
a14593cc-912a-41a7-a066-860cb6f5f8aa,F,1,228025,AC,,,,,,L1, 
b41a85f6-5c74-4823-a09b-8f958d4a2002,F,1,20984,,,D3,,,,DL,XX
c3b34e5b-d134-4c1f-aed1-66e3574f6ca1,,1,285997,KN,,DD,XX,,XX,, 
1f8bca29-63b9-43b8-91c6-682f3be7d6bf,,1,10933,DM,,,XX,,XX,, 
49893b73-6283-4e15-bc75-5be7f9b1c401,F,1,304391,AC,XD,DD,XX,DV,XX,L1, 
ef036636-19a0-4aa6-821a-994020511a4a,,1,214830,KN,XX,D1,XX,,XX,, 
f0121b14-181f-4a96-b418-61c323e00c53,,1,51761,KS,,,,,,, 
a5a9a352-9f2a-4cd2-96c3-536f7e7a61f1,,1,144974,AC,XZ,D1,,,,, 
d165e5d1-4630-4f52-b920-8174211476d9,,1,185220,,,D1,,DV,,, 
e7969325-f879-46e5-a2dd-b6cdd11af6bd,,1,208556,KS,,D3,XX,DV,XX,, 
31e52444-2787-41bd-932d-f3fdc3afcef6,,1,235245,KS,,,,,,, 
0524af8d-df61-4135-b046-17562ef03544,,1,145078,KN,,D3,,,,, 
d27d4e82-f097-4de4-a7b4-42f205f859da,,1,295260,,,DD,,,,, 
3075d863-16f9-4338-8fbf-e8534f1f9813,,1,116386,KS,,D3,,,,, 
f30f9ada-345d-43a7-8bfc-52a6dec95327,,1,165729,,,D3,,DV,,, 
5ca49002-ef57-4560-bbb4-ed9f2a8cefae,,1,139209,,XZ,D2,,,,, 
bcdbccc8-2bdb-4da5-9c12-0bebda6c31a0,,1,308084,KN,,D3,XX,,XX,, 
a0c3488c-adb2-4265-b35d-f9104394ed71,,1,35364,AU,,D3,,,,, 
84582964-4b5e-4f48-a930-2ffde9dd9870,,1,262445,KS,XD,D2,XX,,XX,, 
8048ca36-5425-4dfd-be21-b7b8ba6f9c75,,1,284970,AU,,D1,,,,, 
8f2606ea-25e1-432c-938c-666e13115f4a,,1,172819,KN,,D3,,,,,XX
6b91218b-ba26-4eb3-b4d7-bcecb629b9ef,,1,162403,KN,XC,DD,,,,, 
346b0857-6083-4b97-bdd9-368ab0bd0f82,,1,252958,AP,,D1,,,,, 
f3aafdc6-7215-4048-a6f8-1d8ed0158957,,1,210765,KS,,,,DV,,, 
87d9c4f2-e443-49b9-be07-b56e90976cac,F,1,224498,AC,,D3,XX,,XX,L1, 
61be11bf-e5f0-44e7-97ef-772b8a061693,,1,42169,KS,XZ,,,DV,,,XX
82ac4dab-a37d-444f-89bd-31e4adf54c13,,1,286904,AU,XZ,D2,XX,,XX,, 
6e1259df-c191-483c-997c-0a81618540f7,,1,12742,KN,XZ,D3,,,,, 
09c3e0ca-3f60-4982-9d6b-592a9e43f91c,F,1,47922,AU,,D3,,,,DL, 
8e889e50-c83d-42ac-8711-170c7da07137,,1,220012,KS,XX,D3,XX,DV,XX,, 
f4cb9f9e-326b-4240-9816-ede90ede25b0,,1,44566,KS,,D3,XX,DV,XX,, 
26a39391-a5af-48a8-b34d-dfebce0e669a,,1,119364,KS,XD,D3,,,,, 
6ce54bf9-e30a-4072-8bca-ceba78a098d2,,1,90444,KN,,DD,XX,,XX,, 
00ddb7d0-b137-4d70-a799-6c68b8477d9e,,1,158875,AU,,D3,XX,,XX,, 
e76e8d49-6d15-4413-b792-6b40b7445f3e,F,1,244112,AU,XZ,D2,,DV,,DL, 
b090fde9-cf58-47dd-bd7b-3f60689cb2fb,,1,99065,KS,,DD,,,,, 
680b3692-3515-43e2-b6a1-a1fb20627e64,,1,208607,KN,XC,D2,,,,,XX
13bd277b-3e10-4975-9023-e9b721d504ab,,1,146819,AC,,D2,,,,, 
fc41a40a-c676-490a-9730-172f82147f71,,1,303162,KN,,D2,,,,, 
33a53d68-311d-4798-b86c-bef1534529a4,,1,292412,,,D3,,,,, 
79251721-6c9f-4288-9645-e1b2a002863d,,1,119808,KS,,,XX,,XX,, 
00b9d10d-e319-404f-8576-cdfee29a4fcf,,1,255262,KN,,D1,,V1,,, 
bf13c636-3441-4608-ad88-a86a31aa6110,,1,96959,,,D1,,,,, 
78b32b23-7c12-4960-9f58-b746efef21c0,,1,244634,AC,,DD,,,,, 
8f48bd84-7bcb-4377-9c51-8a113b819b7d,,1,50306,,,D3,,,,, 
0196e22a-40cc-4e1f-a548-a7f8fd15b765,,1,137246,KS,,D2,,,,, 
179dce47-8be7-4880-aaaf-46bd25d3cb65,,1,293802,KS,,D3,,,,, 
ebaef46e-520c-45ea-b812-3c92627cedc3,,1,296181,KN,,D3,XX,DV,XX,, 
d5231da1-1236-4c2d-abe0-4f7d47054904,,1,142212,KN,,D3,XX,,XX,, 
17623d3c-c2ec-4941-89d2-fd50fa939029,,1,180220,KS,,D3,XX,,XX,, 
c999f88a-ab37-4026-9f3c-e5718473cd81,,1,176819,KS,,D3,,,,, 
8530af42-ec96-4a4d-9233-bdbb0c6ce4e3,,1,167847,AP,,D2,XX,,XX,, 
2ecca097-0c05-464f-b45b-5fd2f8462785,,1,94004,KS,,,XX,,XX,, 
4fb439b1-20a5-4275-b8ba-1257ab4056f0,,1,74509,KS,,,XX,,XX,, 
279855e9-beb9-45f9-abf8-04b6f8747234,,1,258412,KS,XZ,D2,XX,,XX,, 
4ffbbba2-b9fb-40b3-89ca-a47b6cde6f91,,1,16718,KN,,D3,,,,, 
d511d343-e1d3-4257-bc71-ea7266b3b4a6,,1,67500,AU,,D3,XX,V1,XX,, 
1544b354-96e9-4c39-8e60-450e5aed7d4a,,1,258414,DM,,D2,,,,, 
be5f4dc6-e140-411a-87b9-4f716607932d,,1,104198,KS,,DD,,,,, 
4b7d8245-b141-4f4e-88e7-9318056e9488,,1,40547,KN,XZ,,,,,, 
3d7ae400-f51e-4f97-9827-b10a2f4f7412,,1,262879,KS,,D3,,,,, 
c402e492-c23c-45b0-9621-714d22a4b15e,,1,140541,,,,XX,,XX,, 
39ab8640-38c9-40a9-9f16-90dbca6f7d57,,1,229802,KS,,D1,,,,, 
1805fbdd-f8fb-4562-999b-104bf9f300d6,,1,101051,KN,,D2,,,,, 
2c16f91d-8386-4385-a8fc-0339b7f9fea2,,1,115776,KN,XD,D1,XX,,XX,, 
d5563d53-bd01-45f2-959d-bb05c276b5ff,,1,293015,KS,,D3,XX,,XX,, 
ae683e05-a846-418d-a7e1-5690ff61d91a,,1,153089,KS,,D3,XX,,XX,, 
78161b3e-3dd7-48ad-b6d0-a68758ccf524,,1,66639,KN,XZ,D2,XX,V1,XX,, 
4856d95e-fbf1-4ea7-89c2-cc9233fce987,,1,172612,KS,,D2,,,,, 
f6b6a1cb-de70-44a6-84c2-6b7a20158034,,1,245027,AU,,D3,,,,, 
82fead32-42a5-4fac-af12-36ecd992e336,,1,146901,KS,,D3,XX,,XX,, 
5eb8a399-b819-4ad3-9f96-6bb1b4a362b9,,1,235599,AU,,D3,,,,, 
d51baa53-3df0-4db7-855c-45dcb177273c,,1,182114,KS,,D3,,,,, 
5fd29d6d-cf9f-4773-8422-09fb07e8440d,,1,130033,AU,,D3,,,,, 
0dc2d475-ca32-490a-8ff5-cbc2e4685efd,,1,186384,KS,XC,D2,,,,, 
5fe9fd31-ead7-408e-b9cd-dae4b76e28a0,,1,273536,KN,,D3,XX,,XX,, 
d8f45db2-de44-4dfb-a8c1-b601e520b699,,1,17252,KS,,D1,,,,, 
1934964e-69a0-4f43-a0e8-4f0207332b57,,1,53889,AU,,D3,,V1,,,XX
8f3d8112-71e2-4b7f-b237-4dadbc46c952,,1,180032,KS,XD,D1,,,,, 
07623705-61c9-438a-ab37-cdd2f5483897,,1,61912,AU,,D3,,V1,,, 
dabc802b-1057-4569-b2f9-7db8c83beb0c,,1,199772,KS,,DD,XX,,XX,, 
ad29c6c5-8c4a-4d1b-be0f-12a2e23278b7,,1,140602,KS,,D2,XX,,XX,, 
a7789a2c-c416-4a37-ad64-3f9688199d43,,1,227085,AC,XZ,,,DV,,, 
5d26f2c0-f2aa-42f5-a451-3757563ae54d,,1,32823,AU,,D3,XX,,XX,, 
cec59c07-655c-4530-b469-1d8c9dab5f2a,,1,83311,,,D3,XX,,XX,, 
522fb564-facf-4c98-a59b-f82ca1eaa377,,1,33586,AU,XZ,D3,XX,,XX,, 
cf67445c-c432-44ff-a372-7288bb3b493e,,1,194265,KN,,D2,XX,,XX,, 
3ea21c8f-9d1f-4346-9a56-4b09e18b61c2,,1,150706,KN,,D3,,,,, 
7167ceae-c2d2-4850-8ed4-c6aa1ea0df8d,,1,248710,KS,,D2,XX,,XX,,XX
75f3b1d3-82bd-4463-83a1-8482ef9895fc,,1,194779,AU,,D1,,,,, 
04566b71-0a14-4fc2-90e6-3dc7b5bcac87,,1,139994,AU,,DD,XX,,XX,, 
dc9e1502-165b-4692-9e76-5948336dfbb3,,1,161723,KS,,D3,XX,,XX,, 
45d28e79-8b99-4bfe-8214-7b20189125f0,,1,260951,KN,,D3,,,,, 
cb8e8fc8-f91d-4a01-9d9a-e659c1946b02,,1,68905,KS,,,XX,V1,XX,, 
79756318-02c4-4c15-9bc7-7a86b4b17d77,,1,20525,KN,,D3,,,,, 
0dd87e5a-0cca-4ceb-a18c-1030ad60286d,,1,209305,AU,,,,,,, 
0f949e3c-c173-4e9a-a425-b2cf6c772ac0,,1,42211,KS,,DD,,,,, 
833492db-d538-4a78-a616-f6894bcd81ef,,1,281643,KS,,D2,XX,V1,XX,, 
72204cab-2b7a-4920-8cde-8f6a56f3cb40,,1,199943,KN,,,,,,, 
1865aa44-b046-4053-8f52-91f3b9414f09,,1,110782,KS,,D3,XX,,XX,, 
918d97d4-55ad-4c8c-8c6c-fa243a411bc4,,1,38721,KS,,D2,XX,,XX,, 
243e7d9e-dd62-4fae-a5d8-403210247c4f,,1,152220,KS,,,,,,, 
566ef542-e1f0-4ad2-9250-3d1d026b04eb,,1,28069,KS,,D2,,,,, 
ef4a2f75-de24-4812-8c12-a8d8576108b1,,1,190471,KN,,,,,,, 
ab49d5c1-ef3a-4cd8-9c80-fe278bd16056,,1,56613,KS,,D2,,DV,,, 
7477283d-2781-4d4e-85fd-33be0c79400a,,1,21849,KN,,D2,XX,V1,XX,, 
47f8aedb-128e-4e74-b44c-9d5acc9cec5d,,1,33263,KS,,,,,,, 
a67487c2-2374-4e01-8736-014642ccd4bd,,1,161392,KS,XZ,D1,,,,, 
b24b3ac5-92bd-4cd5-955c-70e3b9fbef14,,1,183515,KS,XZ,,,,,, 
e0b49d14-778d-4639-a827-5ff420adea2c,,1,192790,KN,,,,,,, 
56edf665-26c7-496e-8545-60433f1974a7,,1,180629,AU,,D2,XX,,XX,, 
b754ec81-e875-4e4b-a483-6a6ca242de43,,1,242747,KN,,D2,XX,DV,XX,, 
1cf3d4df-b4b2-499f-84ab-2dac63156a8d,,1,205043,KN,,,,,,, 
41a52c9c-e5df-4e8a-b5ac-b21a8d1f9afd,,1,240397,KN,XD,DD,XX,,XX,, 
5c8274b3-262a-4ac2-9d7e-81496eb75508,,1,54095,AP,,D3,,,,, 
9d87f7b4-9144-4dc0-b8b7-22fe3ca2abd2,,1,153057,KS,,D2,,DV,,, 
8c09dfff-6188-4c34-a98a-178c23b1f431,F,1,215938,KN,XD,D2,XX,,XX,DL, 
d4a181ac-1ef6-450d-bfb0-1e599864b00c,,1,256785,KN,XZ,D3,,,,, 
fbedb8dd-c4ec-4441-be0d-0ab1f4814a98,F,1,134868,KN,,D3,,,,DL, 
8983fdd6-e050-4f0d-b43a-d3b719cac74d,,1,295396,KS,,D3,XX,,XX,, 
52663521-c22e-4bf1-90c8-499151b4aa3d,,1,290812,,,D3,,,,, 
6c3f361b-1f01-4cc7-9d2a-d5590f444a79,,1,85191,KS,,D1,,,,, 
eb089dc8-5abb-4286-9443-14ddc383d194,,1,157646,KS,XD,D3,XX,V1,XX,, 
cb20660b-6a44-49b9-8b26-0e9f2c1e758f,F,1,14783,KN,,D3,XX,,XX,DL, 
0ef41c36-7d5a-4945-9d60-4430c35462c4,,1,232591,KN,,D1,,,,,XX
95182d85-99f0-45a6-b6dc-1e196a010316,,1,104253,,,D3,XX,V1,XX,, 
761f6e72-9ab5-479c-b07a-67495bf4fab9,,1,58019,,XC,D3,XX,,XX,, 
95d2718b-1a33-4783-addd-12b7abe6be83,,1,262860,KN,,DD,XX,,XX,, 
48099f7a-a8f5-45ef-923d-646081d3f4f1,,1,308275,AU,,D3,,,,, 
64440ca4-c8e0-4879-b9d5-982d10b2c061,,1,309196,,XZ,DD,,,,, 
ca62efb4-81ed-42b6-b69b-3a855f4874c7,,1,67437,KS,,D3,XX,,XX,, 
826bea5b-e878-40e8-ab0a-e1f4a4cf0eef,,1,113784,,,D1,,,,, 
1800c05f-042b-4401-97c1-79ccc795e147,,1,284849,KS,,D3,,,,, 
c660f5af-5e50-481e-90c6-ad73cea76f21,,1,124555,KS,,D3,,,,, 
fbda0e55-77c6-4805-9016-3bb1a636abd7,,1,134487,KS,,D1,,,,, 
d42954c2-a0e6-423d-bc9e-35a95734439c,,1,176928,KN,,D3,,,,, 
65496363-6c2a-44ed-a25e-154995e82a2f,,1,14779,AU,XZ,DD,,,,, 
b3b7acb2-2ca6-4e54-b390-2aeb0e9d189c,,1,61666,AC,XZ,D3,,,,, 
ed74595c-fd19-46ba-b376-ea9ea211db1f,,1,119238,KS,XZ,D2,,,,,XX
920c331d-2ff9-4fe6-8005-7cf6e4ee74be,,1,148905,KS,,D3,,DV,,, 
6d9a8eba-1c23-4c7f-be94-58b8390fff7c,,1,26491,,,DD,,,,, 
0cdc8dee-36d2-4b65-acf5-ba41c3040442,,1,250095,KS,,D2,,,,, 
2c7bbc24-f1e0-4e74-8bec-7aebf6ac69d2,,1,220073,AP,,D3,,,,, 
6847543e-e28b-49f2-92a1-74ad5d3a3c94,,1,277948,KN,,D3,XX,DV,XX,, 
1420a65a-6b50-452f-9397-b8f05f8aaf06,,1,284367,AC,,D3,XX,,XX,, 
a6f527e4-de45-4c15-b200-be30f518b87a,,1,240355,KS,,D3,,V1,,, 
d3baa2b8-ff1b-427c-bec7-ca9880755ed3,,1,148004,KN,,D3,,V1,,, 
18be8021-8b69-40ac-8127-4e93c380740b,,1,297204,AU,,D1,,V1,,, 
b49d54ae-01c4-4106-ad09-b8b02bcc6bb4,,1,262123,KS,,DD,,V1,,,XX
0602f60f-ecab-41e8-b948-a7cb4b6b53e4,,1,79077,,,D3,,,,,XX
d4b24e50-decd-4127-bce0-d59640afaac8,,1,259668,KS,,,,,,, 
56be974b-412c-4172-a858-7cdd4983ff1b,,1,120814,KS,,,XX,,XX,, 
b574f9d8-b629-428f-bdab-84aa37650a5a,,1,41389,KN,,DD,,,,, 
081351dd-733f-4d84-bdcc-ef2d8b33cc0a,,1,288854,AU,XZ,,,,,, 
8f1233fa-1d41-4cca-912f-9d7e830b43b6,,1,227873,KS,,D3,,,,, 
0ac32022-0d17-4149-ad12-603aff709eca,,1,14257,KS,,D2,,,,, 
56b55848-b06d-4e78-a22d-887f648a383c,,1,27337,AP,,D1,,,,, 
46bc9595-3ecd-4576-a7cf-fe9a41b2501c,,1,266961,AU,,D3,XX,,XX,, 
4f47488b-0992-48c5-bc6f-fc34d6b6d2a6,,1,290402,KN,XD,D2,,,,, 
e2e0ba38-5fe8-4d83-bad3-020d7ae8fcd6,,1,228372,,,D2,XX,,XX,, 
ff1c993a-e8d2-413e-b11c-e965a4d3a38a,,1,80672,KS,,D3,,,,, 
6846056b-f640-4070-8b8d-c43965658678,,1,104151,KS,,D2,,,,, 
2dda25ae-2036-4639-9c84-cd0c84fa4827,,1,199006,KS,,D2,,V1,,, 
9b699bec-b64d-4be2-a353-8cba012fa885,,1,170320,KS,,D3,,,,, 
9b5dd8ef-3bcd-4f20-b180-3887b8afdff9,,1,189841,,,,XX,,XX,,XX
edc9e7e7-9cc0-49f9-b3af-905032bcb293,,1,231207,KS,XX,,,,,, 
d46414e3-4d83-4902-a9c8-5d74f3965cd2,,1,297275,AU,,D3,,,,, 
c824489a-b384-457c-9f2b-a7fb6c2f9ab0,,1,20976,AP,,D3,,,,, 
be3bc7cf-261f-4eae-befe-b70fa73d9964,,1,151987,KS,XZ,,,V1,,, 
1769c7d0-5b39-4abe-bb1b-312b31492dd6,,1,225917,KS,,DD,XX,,XX,,XX
f11c201d-a5fc-41e4-9d45-a0e851eaa289,,1,193161,KN,,,,,,, 
3e860b74-7078-4e1c-aeae-d79e9fbf0ea9,,1,121854,KN,XD,,XX,V1,XX,,XX
9c160c4a-6071-48a2-838f-265b7f7f4bd8,,1,137733,KS,XZ,,,,,, 
ec909b22-8940-4640-a3a6-0816cf9c8821,,1,276034,KS,,DD,XX,V1,XX,, 
242704b7-c70c-41b2-bab5-dbc64311bffe,,1,229224,KS,,D3,XX,,XX,, 
2e140421-d63b-4bc8-b5a6-335dc6b7a520,,1,170366,KS,,D1,,,,, 
a19b6f6e-b04c-418c-ba44-0fe812a188df,,1,221832,KS,,D1,,,,, 
5adba670-2a30-458a-bfe9-3297ab27dabc,,1,305891,KS,,,,DV,,, 
86277514-3d37-441e-9430-e90098f3089a,,1,275580,,XD,D3,XX,,XX,, 
5ee0d94e-882b-41ad-8a92-60347295cffd,,1,58968,AP,,D3,,,,, 
987525ef-ab59-4d0f-b7b3-cfc5cca1b384,F,1,259502,AC,,D3,,,,L1, 
fe6f4b13-140d-4842-896a-792461f92c04,,1,127093,KN,XC,D2,,,,, 
ba42598d-498a-4498-94aa-50944d399cb5,,1,128700,AU,,D3,,,,, 
fd65b488-1f49-471e-9fba-d3b3317663bd,,1,17278,AU,XZ,DD,,,,, 
30cec226-982b-427e-8470-4d86485f25ce,,1,140231,KS,XD,D2,XX,,XX,,XX
0543950b-f422-47b8-939a-4409252ca05a,,1,183417,,XC,D1,XX,,XX,, 
1092ba37-6f50-4359-bda8-186e3f9264f8,,1,105544,KS,,D3,,DV,,, 
7001d523-e373-4b81-9500-1f81d1bac9a2,,1,205688,KS,,D2,,,,, 
fd86f4d9-3db1-45ad-978a-0ce5bda99401,,1,40530,KS,,D2,,,,, 
ccaef2ca-8396-4d75-b1a8-16ffcea9abb0,,1,26087,KN,,D3,XX,,XX,, 
bdb624b9-5157-41f7-a096-8fcaa896c02b,,1,61882,AU,,,XX,,XX,, 
1d8337bc-7b89-4937-a613-33ab9f5497d6,,1,47585,KS,,DD,XX,,XX,, 
8af02a18-d8e2-4d92-b387-9f76e40eba5a,,1,154852,AU,XZ,D2,,DV,,, 
ddb99a29-5301-41bb-876d-ce35a1eea0bf,,1,147470,KS,,D3,,V1,,, 
c473caea-7dfb-43a7-8e56-548913559230,,1,293243,AP,XZ,D1,,,,, 
10564d83-1584-4e67-81b5-14740f2e1bb6,,1,80223,KN,,D2,,,,, 
4b307f72-46ad-48c1-9f71-1c0a2763e4fd,,1,300387,KS,,D2,,,,, 
202e0be5-f1fc-43b6-8e46-6b4293abb230,,1,104989,KN,,,,,,, 
fd4f90e2-ebcb-484b-a6db-a18e3b2175cb,,1,240746,,,D1,,,,, 
7609fbc1-c87a-4f25-86fa-93932e956e41,,1,126698,KN,,D1,XX,,XX,, 
b443fffa-b177-4809-ae3f-c4e0174eec1b,,1,60847,KS,,D1,XX,,XX,, 
9c3b7a85-ed9e-451b-830b-123816c5ad0d,,1,209706,KS,,DD,XX,,XX,, 
b5e75fa0-333f-4826-be11-73364dd2ccb1,,1,191266,AU,,D2,XX,V1,XX,, 
4318d18e-c3ed-4767-a8df-6692b58fc850,F,1,212900,KS,,D3,XX,,XX,DL, 
8f8f5f72-eced-4b3b-824b-389160ab4b5d,,1,53774,KS,,D3,,DV,,, 
a0ae6775-6536-4195-b9e2-a0825e4905b9,F,1,212275,KS,,D1,,,,DL, 
c38dfa48-81d0-4c30-b01b-d40a9868fab4,,1,279224,KN,,,XX,,XX,,XX
cb0b57b1-007b-4bb6-b6dc-6666df1b5dcd,,1,294832,KN,,D3,,,,, 
dd752cb0-87f8-42e8-b295-60df3db8a25d,,1,92242,AU,,D3,,,,, 
44c6dd29-568d-49b8-a400-b909098c6b09,,1,276314,DM,XZ,D3,,,,, 
41e88485-e2e2-4166-a3f7-3e55fd4b8407,,1,270140,KS,,D3,,,,, 
40249b76-df2a-48ab-9d23-886596c35092,,1,50798,KS,,D3,,,,, 
c2c5121f-5ade-4b75-8b8f-6f0823849d8f,,1,103513,KS,,D2,,V1,,, 
5ff198ed-0cc9-44b8-916a-799c74db6ace,,1,48480,KS,,D3,,,,, 
a23d22c8-9064-404f-bdfb-d3597a2d99c9,,1,217940,KS,,,XX,,XX,, 
f7c1ce26-245d-4167-bd2a-362ed2ae6c24,,1,143774,AU,,D2,XX,,XX,, 
21207bd1-8d39-41a4-b57e-2abfef998637,,1,33555,KS,,D2,XX,,XX,, 
d934cd3b-ebbf-4254-8f5f-a9046b4b009f,,1,102595,KS,,D2,,DV,,, 
ab4c55fc-5347-4038-aadb-5d1ea92f279a,F,1,286732,KS,,D3,XX,,XX,DL, 
95b0251b-65db-460a-8170-75fbcf5353d8,,1,122472,KN,,D3,XX,V1,XX,, 
996616f6-4b3c-4533-9e46-22fe297ad6e4,,1,293689,AU,XX,D2,XX,,XX,, 
6ea3ddd2-3da8-4e63-8c55-a72f39c0714a,,1,148912,KS,,D2,,,,, 
6303b9e8-43cb-4040-bc41-b02ee7e7714d,,1,166955,KS,,D1,XX,,XX,, 
215fe0c6-0368-4c9c-afd1-04b446221ff8,,1,146785,KS,,,XX,DV,XX,, 
dcddd092-aec9-4f3c-91bf-6675e364f36e,,1,201940,KS,,D3,XX,DV,XX,, 
cb5ef9f8-70d4-4f18-b6a4-d836fb87b0be,,1,151587,,,D3,,,,, 
a3c0cafb-6505-4892-b154-b2047665255d,,1,259577,AC,,D2,,,,, 
1687c57a-5dd4-4c69-a607-59c2879d9e1c,,1,268882,KS,,D3,,,,, 
634de313-cdc2-41be-8e8a-fea0a11a39f9,F,1,267557,KS,XD,D3,,DV,,L1, 
988a1343-575e-467f-b969-93a366b47906,,1,158392,KS,,D3,,,,, 
17421c46-3563-4072-9e64-115aded7917e,,1,155314,,,D3,XX,,XX,, 
da4c5e0a-bb9a-4e8a-a68b-d7b3ff2db6c2,F,1,114892,KN,XD,D3,,DV,,DL, 
1fc39e40-db51-4a6f-8a32-c7f5e45cce5b,,1,67912,KS,,D1,XX,V1,XX,, 
3f63118d-043c-4425-bf3a-ed36409634cb,,1,260591,KN,,,,,,, 
8635bd95-f4ff-416d-b6af-effa83f1bb13,,1,147791,KS,,D3,XX,DV,XX,, 
c3263caa-2852-4140-8510-1273c90a970b,,1,168385,KN,,,XX,DV,XX,, 
2797f638-d9cd-4fec-a936-7c9d3e0f748c,,1,250100,KS,,D3,,,,, 
90024064-7791-4751-a8a6-4698d56dd372,,1,55909,KN,,D2,XX,,XX,, 
379db4b7-1a5d-42a3-94b9-9feb38ba9cd2,F,1,67027,KS,,,XX,,XX,L1, 
69e88ed6-4c76-4e17-8e59-fc9aeb3c7de5,,1,16565,KS,,D3,,,,, 
49174976-4f67-4c4a-9bad-5e4b9aa31673,,1,56584,KS,,D3,,,,, 
c452cf42-62e2-46df-9ac5-3346b6e2302a,,1,232025,KS,XZ,D1,XX,,XX,, 
d4393be2-f659-4e03-ade8-ec130092e734,,1,58400,AU,,DD,,DV,,, 
784da440-2a2c-4ab6-b60c-f6c6aeda552e,,1,105914,KS,,D3,XX,,XX,, 
3115bf39-df48-4f73-b323-9594da0708a3,,1,282170,KS,XZ,,,,,, 
7e52f963-b71c-4dc2-b317-10da77e5e065,,1,263906,AC,,D3,XX,,XX,, 
4f07b793-b022-42bf-b958-48b30433ebe4,,1,40812,KS,XX,D3,XX,,XX,, 
0666e6d5-6dc4-40a2-bd7e-9da7787fae07,,1,288616,KS,XZ,D3,,,,, 
283572e3-723d-4e9e-8fe1-7568a15858b1,F,1,32346,KN,,D3,XX,,XX,DL, 
ee5866b3-bac3-485b-8b6b-c23c71c30f2f,,1,150835,KN,,D3,XX,,XX,, 
ed769d27-046a-4cd0-8f4e-bf94b627725a,,1,89590,KN,,DD,,,,, 
cf24eb83-5e34-481a-bf63-4877fb507e28,,1,35436,KS,XZ,,XX,,XX,, 
13969334-8269-4378-a9b0-82a8cb3ef01f,,1,305749,KN,,D3,XX,,XX,, 
54f13cdc-7d28-41bf-9218-f2b36c90d8cd,,1,169718,KS,,D3,,DV,,, 
628f519a-9acb-4c3f-8b6c-c9408c89c318,,1,78298,KN,,D2,,,,, 
c230fa95-ed2d-467d-b2c9-15b4279e5a86,,1,184321,KS,,D2,,,,,XX
d89cd48f-9035-46a0-8745-e5713d4d783b,,1,205930,KS,XC,D3,,,,, 
2194a495-3bca-479e-9f7c-baf6555a9af0,F,1,282980,KN,XZ,D3,XX,V1,XX,L1, 
58c471ab-345a-4e1c-97fe-be25ba4370d4,,1,121074,AU,,D1,,,,, 
95a37688-a289-4880-a3b5-b16e20d6411d,,1,179130,KN,XZ,D3,,,,, 
9759e53e-1d3e-4064-9d28-bcfcb05ddc77,,1,173321,KN,,D3,,,,, 
db9ce852-cba8-4490-b8cb-360b8921c992,F,1,103266,KS,,D3,XX,,XX,L1, 
62fed33a-e0d9-4760-b60f-3c1aff46af1e,,1,202176,KS,,D2,,,,, 
77a541b2-6b68-4a29-8bfc-2566b46e7379,,1,113999,AU,,D2,XX,,XX,, 
48778c75-7f70-4bec-a2aa-bd0b08ffee48,,1,307135,KN,XZ,D1,,,,, 
6f0096ca-1d11-4795-87ba-5174609cd483,,1,105559,KS,,D3,XX,,XX,, 
55dd0091-7e41-47dd-8179-fb692855ae98,,1,145560,KS,,D3,XX,,XX,, 
67ecfde4-1d50-4190-bb1c-078eff0c7059,,1,218394,DM,XD,D3,,,,, 
6c75f0b4-4897-4442-93f5-98c51038772f,F,1,118256,KS,,DD,,,,L1, 
e0d38542-6ef4-4b78-9cdc-5c1d8d9a0f2d,,1,76376,KS,,D3,,,,, 
bf5321bf-a25e-43a7-a29a-60720d80098f,,1,37789,KN,,D3,,,,,XX
56b8d641-0a4e-4a24-8612-267db11f7a3c,,1,217123,KS,XD,D2,,,,, 
5a37620a-bd6c-433a-a36f-0d8b69681c8a,,1,234452,KN,,D3,XX,,XX,, 
f123eb1c-e7e7-4f86-8abd-0e4ea8004f79,,1,180695,,,D3,,,,, 
3905c573-ef3f-4e83-80fc-69f21788bd7c,,1,114838,AP,XZ,D3,,,,, 
2a38ecd7-28fb-4e92-8aeb-2e66d6acbd8e,F,1,85855,KS,,D3,XX,,XX,DL, 
614d4839-4ff2-438f-84be-6871ed79626f,,1,52403,KN,,D1,,,,, 
69dcfbcb-5834-4426-9c1b-1e558721439d,,1,15640,KN,,,XX,,XX,, 
3bbccffe-64a9-472c-a777-b40bfe919e74,,1,17629,DM,,D3,,V1,,, 
c7fc561c-5702-449f-b0f0-7fb8e531c58d,,1,145552,,,D3,,,,, 
94380c4f-e224-4536-81c8-d3152baea091,,1,106019,KS,,D2,,,,, 
fb8a9d1c-9f57-4433-9448-c81ae639232d,,1,103491,AU,XD,DD,,,,, 
78a44019-a23e-47e1-9910-55ef948a6bba,,1,174100,AU,,D3,,,,, 
da17e59a-089c-4600-ba9b-3ae4e3363294,,1,51273,KS,,,,,,, 
6b365568-819d-4a32-8014-730e08cc2f26,,1,234470,KS,XZ,D2,,,,, 
23164d93-222c-4f5a-bb60-811a1b47d066,,1,280650,KN,XX,D2,,,,, 
494ff4b1-e842-4502-a0bb-53d07700337c,F,1,133650,KS,,D2,XX,,XX,L1, 
b8ef3d39-887e-4fb3-9da0-8efc75606eeb,,1,280420,DM,XZ,,,,,, 
e5edd241-dcbd-4109-a239-db4e371c6168,,1,235679,KN,,DD,,DV,,, 
eb721f03-4949-4a8e-9cd9-9999c3319844,,1,178810,KS,,D3,,,,, 
56c25b29-c76c-4f36-914f-92d00802fca0,,1,66831,KS,,D3,,,,, 
e756beba-c7d8-49ff-a904-ad2f3765c23b,,1,25881,KS,,,,DV,,, 
dc618a01-3701-42b5-813d-843ce1c160bf,,1,208817,AP,,D2,,,,, 
220c9dbe-70aa-4640-bacc-4b7717752665,,1,83262,KS,XZ,D3,,,,, 
444a3fbf-d3dd-4750-90cb-598acf27384e,,1,258553,KS,,D3,,,,, 
d2897afe-e006-4dbc-b1f2-346a4579c8b3,,1,205776,KN,XZ,D3,,,,,XX
0b7eef48-fd9b-4899-a38c-c09119f586fb,,1,62343,KS,,,XX,,XX,, 
f8203748-d528-4d51-83d1-3d6960ecd73f,,1,274024,KN,XD,D3,,,,, 
83f9b934-b6b9-411c-b895-dbe8623fe812,,1,304034,AU,,D2,,,,, 
b60ebd37-1837-41d6-8f1b-4ee929e8fbd0,,1,246902,AC,,D1,XX,,XX,, 
2adea7f1-b1cc-4985-871a-638f98889004,,1,253123,KN,XZ,D1,XX,DV,XX,, 
60eba1c6-bc61-4eb5-a024-9cffbc0ec765,,1,223589,KS,,D3,XX,,XX,, 
74add9fd-3b5c-4e52-90ef-e7b04248a1f0,,1,147278,AP,,D2,,,,, 
b7dc50f2-3a42-4eb1-99f5-e6b94eea22f1,,1,200878,KS,,,,,,, 
6339a70a-96e6-4409-a957-1b727bd36043,,1,286317,KN,XZ,D2,XX,DV,XX,, 
e745f52d-9711-4205-ad09-85edd892ce01,,1,165250,KS,,DD,XX,,XX,, 
4a7f5ddf-04b5-452b-8c35-c8ab347180e2,,1,229132,KS,,D3,,V1,,, 
31327bc4-35d1-4fa5-890a-3c50576be4ff,,1,231478,,,D1,,,,, 
a9ae46e4-e11a-4462-b567-faee3060b46b,,1,213754,DM,,D2,,,,, 
189eda32-fa5b-48e0-b1f1-1b71b2d73e2c,,1,44742,KN,,D1,XX,,XX,,XX
731b0b88-87b9-4afe-9624-5079a0d2ca81,,1,84178,KS,,D3,XX,DV,XX,, 
879b18a5-3304-40c7-af5c-d64a67236de8,F,1,102158,AC,,,,,,DL, 
b29991fc-dfda-4715-a065-35170fbf8021,,1,90721,,,,XX,DV,XX,, 
ec1969ce-7f42-4555-b836-4b934f2daca3,,1,172464,KS,,D3,XX,,XX,, 
a984960b-85cf-45d9-84b3-42c322300f37,,1,303515,KN,XZ,D3,,V1,,, 
95477cf1-bec1-433f-8962-29b4cb91c271,,1,92126,KS,,D1,XX,,XX,, 
176a74c7-6501-42b8-89ae-1eb7c7f13075,,1,173258,KN,,D3,,,,, 
ae8859b2-6ef7-434c-baf6-483c6f813346,,1,112354,KN,,D2,XX,V1,XX,, 
4ea38c0b-92e1-4543-9dc8-5d26221071a7,,1,13949,KS,,D3,,DV,,, 
249a079f-b4d3-49cd-bb4f-c15328a778aa,F,1,179118,KN,,D2,,,,L1, 
b351a83f-53cd-4c45-98d4-afd175860b50,,1,201184,KN,XZ,D2,XX,,XX,, 
8c351462-5637-4eb2-b278-98887d3887a3,,1,254155,KS,,D2,,,,, 
d40dac9e-77d9-4d09-9902-ca27527f8f6a,,1,269037,KS,,D1,,,,, 
488df55e-6680-41f7-8dba-9f070c4681bf,,1,104696,KS,XC,D2,,,,, 
706d7d13-1fa9-4cb9-ac4f-6f677928a3c9,,1,113463,KS,,D3,XX,,XX,, 
583abc7d-6cd6-4a33-9698-53257b279440,,1,233433,AP,,D2,XX,,XX,, 
db83ab8c-2e52-43c9-906a-257fe097374e,,1,247695,KN,,,XX,DV,XX,, 
1f410409-0a79-429d-bc8e-dab74ee75102,F,1,282194,KS,,D3,,,,DL, 
b9c2bd80-ee8b-42c3-8f79-40305ae4a3f2,,1,128906,KS,,D3,XX,,XX,, 
a183b84a-088e-41c0-bcf0-4cd6d97024cb,,1,296135,KN,XZ,D1,,,,, 
c212e775-d27b-49e2-a489-eac1dbf64cef,,1,225202,AU,XD,D2,,,,, 
b863cea5-1013-481f-b3c4-1e6cffe228a8,F,1,247632,KN,,D3,,,,L1, 
74a26fbf-79d4-443e-b1ff-1293eba741fd,,1,58755,AC,,,,,,, 
7aed1ab7-cdc0-4b26-b08e-aab88481d175,,1,212842,KN,,D3,,,,, 
f0f600d3-4a70-4c07-ade7-f4ce2608e95b,,1,249240,,,D3,XX,,XX,,XX
c749c481-b0fa-483a-9e60-32825cab36d8,,1,220632,AP,,D3,,,,, 
2cf9fffa-ae8f-4884-b675-b57b28429053,,1,125731,KS,,D2,XX,,XX,, 
e5164860-5ced-4962-a57c-90d8741021f0,F,1,137523,KN,XD,,XX,V1,XX,DL, 
c7542406-99df-4777-9a48-16b71392b8d4,,1,148466,KS,,D3,XX,,XX,, 
dc80ca86-9a1f-4adc-84c2-0d92bf41a28e,,1,78403,KS,,D3,,,,, 
1008fdec-2d82-45c7-ab00-acdf03e55759,,1,29583,KS,,D3,,,,, 
eb901344-5f81-48ff-9e68-2bab197068e3,,1,129400,AU,XZ,D3,,,,, 
6f984c8e-9763-4f52-b8c9-34447abf15e0,,1,177701,KS,,D3,XX,,XX,, 
80d88779-2722-495c-bd68-3a013f22beae,,1,114195,KS,,,XX,,XX,, 
fc8f518b-5a03-4aa3-8aa0-208be6a9e364,,1,303487,KN,XZ,D2,,,,, 
20e54aea-a17f-437b-a9d7-30001ca77372,,1,74898,KN,,D3,,V1,,, 
d5c5ac43-4652-46d2-b5f4-11c0699b1b3b,,1,185749,KN,,D3,,V1,,, 
0d7c9e83-5adf-4859-89fc-478fa9d0632c,,1,118064,KN,,D3,,,,, 
d2b764f0-cefb-487e-a9c6-1cda9935b268,F,1,59542,AU,XZ,D3,,,,L1,XX
d95c02b5-1a2a-4200-aabf-5d455291e85f,,1,72130,KN,,D3,XX,,XX,, 
6f780d74-1876-48e7-872f-8b57bf401199,,1,245343,KS,,DD,,,,, 
1fb71582-cf08-4e5c-9880-4ad95cde77ff,,1,80881,KS,,D3,,,,,XX
79682746-a450-4df8-8ba6-8d1ccecc74b1,,1,256250,KS,,D3,XX,,XX,, 
ebe2e5e0-182d-433e-ae23-db1d42da7e4e,,1,132774,,XC,D3,,,,, 
b784a73e-e756-4a2a-821a-8055fa11d1e2,,1,185068,KN,,DD,,V1,,, 
ba81797a-ab92-4eef-9869-a4e5d3d10b2a,F,1,16066,KN,,DD,XX,,XX,DL, 
242a152e-9f51-46f0-8853-c877df86d3ed,,1,100911,KN,XC,,,,,, 
4a1232d4-11a0-495e-9a95-3e08b73f3c17,,1,287699,AU,,D3,,,,, 
0c4e4e04-4159-4cdd-b197-237a064f8922,,1,185928,,,D3,XX,,XX,, 
2e5d90f9-e84c-4f62-9a3b-726f1753c139,,1,233583,KS,,D3,,V1,,, 
0a51eb08-e101-4413-a83b-1562a5e13071,,1,114951,,,D3,,,,, 
1adb72b0-5ac8-4233-b300-1091d1d1007c,,1,132543,KS,XC,D3,XX,,XX,, 
4e210016-2034-479f-9cb8-b3e1298acd1c,,1,265024,KN,,D3,XX,,XX,, 
77c9e46c-6a6c-480b-a579-d69c8d868f39,,1,209480,KS,,D2,XX,,XX,, 
4d68d1b2-eab1-49ee-ad6f-84ecee595c6c,F,1,170016,KS,,D3,XX,,XX,L1, 
427eb508-d968-4404-8aa0-334a45174ce2,,1,124095,KN,,,XX,,XX,, 
dbb533b3-69c6-4c03-a797-c44b9d9ad5d3,,1,305231,DM,XZ,D3,XX,,XX,, 
37ae7c5a-35ff-422a-9af7-4fd74b036ff7,,1,266221,KN,XZ,D2,XX,,XX,, 
0ee3147c-18f9-49de-9d2d-002e59764f17,,1,94045,KN,,,XX,V1,XX,, 
c3f682ac-e1e7-41e9-a2b7-27c8b2df90b9,,1,118620,KN,,D3,,,,, 
ca39e426-4f79-42ff-9a95-a5d9de53f421,,1,244510,KN,XZ,,XX,,XX,, 
9d6f0af3-9b38-43bf-bd45-91b34f075921,,1,62941,AP,,,,,,, 
364692cf-87b7-48f6-b1bd-6352a5325d5a,,1,239686,,XZ,DD,,,,, 
b2542e02-c87a-4f2f-b7f3-ff26649abd1e,,1,63781,KN,,,,,,, 
307a425b-0b46-4615-95a3-ec3ac51ca23f,F,1,79576,KN,,D1,XX,,XX,L1, 
1214cb69-0cdb-4b13-9abf-556006512334,,1,292268,AU,,D3,,V1,,, 
8f86056d-53b6-4738-b241-b33523f8e596,F,1,129982,KS,,D2,XX,DV,XX,L1, 
e4c88577-5ce7-48d5-a5f3-ec6c8265c8b7,,1,155417,AC,,DD,,,,, 
21215f81-24eb-4e96-a1b2-a0f65eb57fd7,,1,203477,KN,,D1,,,,, 
b857f88f-1dca-409e-b686-3420577a43bf,,1,248265,DM,,D3,,DV,,, 
61d3552e-491b-4d60-bba1-2f8cee358ca1,,1,126661,KS,,D1,XX,,XX,, 
326bf2b4-5765-49ec-9b0e-af5e4d9cc37e,,1,306953,AP,,D2,,,,,XX
b8b8f85c-01de-4283-a1a5-11b2c773b6b7,,1,204055,KS,XD,,XX,,XX,, 
a5b0d756-0092-4753-bb71-047a27f1a044,,1,71916,KS,XZ,D2,,,,, 
80ef1b91-cc1a-4a9d-b410-b48841d2d9d7,,1,162272,KS,,D2,,DV,,, 
2ebd080e-11e1-4b12-93e0-c8318c06fab5,,1,197947,KS,XX,D2,XX,,XX,, 
be21bc8d-b8d3-4ee2-911f-f3392e212b34,,1,223917,AP,,D3,XX,,XX,, 
20f7b4ef-9307-4526-af8b-36efc4b22aef,,1,167159,KS,,D3,,,,, 
ff6c1a36-1471-4a1c-85fa-4de22c5d7148,,1,198830,AU,,D1,XX,,XX,, 
d20182c5-9c28-4ca6-87c2-8b63dcd9caeb,,1,25384,KS,,,,,,, 
bc73bdf7-b1e0-4c80-9d11-f0b1e8d42599,,1,214469,KS,,DD,,,,, 
5f26ca90-04a2-4ef2-a6fd-fb6b5f692e3d,,1,12558,KN,,D3,,DV,,, 
3724060b-a790-4996-8d71-25a328b36800,,1,191240,KN,,D3,XX,,XX,, 
c88e5608-2064-4408-8ff6-b3d91136df25,,1,208943,KS,,D3,,,,, 
90f301c6-c17c-4158-b583-7b70a65a90c6,,1,309728,AU,,D3,XX,,XX,, 
33dc426b-b0a7-4c6a-b356-9aac2954932c,,1,81678,KS,,D3,,V1,,, 
0329c770-4876-455a-a03d-90d16cbdbcd2,,1,216628,,,D3,XX,,XX,, 
60805f80-7a26-43d0-903a-2fdbaad45727,,1,42945,KS,XD,D2,XX,,XX,, 
6a84943b-c219-47cc-9f33-801d200ee8de,,1,183971,KS,,,,,,, 
2ddb0267-ad0e-4e23-9c25-935e8eab5ced,,1,278196,KN,,D2,,,,, 
f22a682f-afdf-4609-aaf0-e5e1c3d9c5b6,,1,29932,KS,,D1,,,,, 
90440e67-56a4-4713-8582-24ccaf0a7671,,1,48458,AP,XD,D3,,,,, 
17c2d4e5-b8d2-4f83-8856-1b11cb21b9c9,,1,161204,KS,,D3,,,,, 
1faf5f48-e20a-4977-9acf-432ac0ecfe45,,1,180540,KS,,,,,,, 
332f538a-0240-4164-bfac-884451d845ce,,1,214453,KS,,D2,,,,, 
2e7ed8bb-4cb3-42cf-95da-f0685ae5d8bb,,1,292096,KN,,,,,,, 
75a2c4be-de73-416c-a8ac-c3e65ee6650a,,1,11880,AU,,D3,,,,, 
e3b44b86-e36f-4145-9620-fb749ce0c2e3,,1,109869,KN,XZ,D3,XX,,XX,, 
9fb5d284-2c51-40a7-ab10-b7ab133677b8,,1,306175,AC,XZ,D2,,,,, 
d6cedb5a-c67b-4c6d-be89-ce6682c846cf,,1,164731,KS,XZ,D3,,DV,,, 
6a600238-ca07-428a-944c-d6e250b7ed9f,,1,277151,KS,,D3,,,,, 
d6b62c12-6b2c-426f-9584-b8b217ca472a,F,1,13494,KS,,DD,XX,,XX,DL, 
e85d1e7d-7606-47b6-8835-c0d92e187476,,1,90806,KS,,,XX,,XX,, 
b10499e0-9bbf-4b6f-be8b-1072c700b73e,,1,135920,,,D1,,,,, 
1c3e0ad7-3a15-4238-96ba-22626a0947b4,,1,121611,KS,XC,D3,XX,,XX,, 
9aace054-d9cf-4899-9342-d3630228f2f9,,1,247688,AU,,DD,,,,, 
9ccfcd76-d1eb-4cea-b68a-adeeab132fe3,,1,174560,KN,,,,,,, 
91cf47b9-68a0-4794-b54d-b4c386982ae3,,1,248962,AU,,D1,,DV,,, 
9780311f-2853-4ec4-9259-8fbdf4ecbcca,,1,227454,KN,XX,D3,XX,,XX,, 
474d8ab1-d57c-4d1c-bcb0-cab5d4399da2,,1,265754,KS,,D2,,,,, 
331eb193-511f-4053-b2fb-a6abb2092442,,1,181491,KS,,D3,XX,V1,XX,, 
dda45ab4-c501-44f5-a393-79ab6db7f86e,,1,142108,KN,,D3,,,,, 
28ab1ec6-35d2-4b7f-ab41-8b59538278a3,,1,195298,KS,,,,,,, 
bb1afb72-9197-47a4-add6-84b2923b71f8,,1,47079,KN,XC,D3,,,,, 
f09f7faa-a2d6-409d-b392-81f7d4d274d7,,1,180597,KS,,,XX,,XX,, 
c356199b-8813-46f2-abc7-db3353226de8,F,1,29089,KS,,D3,XX,V1,XX,L1, 
c8062527-6e09-4c66-bf36-828bdef283e6,,1,230642,KS,,D2,,,,, 
03f13a9b-48c9-4110-984a-05d6c6e671bb,,1,68533,KN,,,XX,,XX,, 
7d595d03-3fa7-422c-9dad-86446aff51d8,,1,32139,KN,,D3,XX,DV,XX,, 
92f3aaa9-65bf-4972-a11e-fef517aeaa7e,,1,215969,KS,XX,D3,XX,V1,XX,, 
cac4bc79-aa89-49a7-ae69-6b6d7c9afd1f,,1,48069,KS,XX,D3,,,,, 
607dcce0-7db8-40d4-a3c6-5fbbf8f24c64,,1,65565,KS,,D1,,,,, 
3dbc8df5-501e-4738-99ec-b1749c9201a3,,1,130911,AP,XZ,,,,,, 
bf18094e-8036-4559-8924-1e76f2e025b5,,1,145528,AU,XZ,DD,XX,,XX,, 
87ed2933-01c7-412b-907f-5826111dfbe9,,1,110749,KS,XZ,D1,,,,, 
563af2a3-9c42-4908-bb72-2ed02e73f386,,1,164509,KS,,DD,,,,, 
bc6291a3-2926-497d-bb19-96d6989eca34,,1,88852,KS,XZ,D3,,,,, 
e3563de9-341a-4db9-b32c-c4ae679b021c,F,1,283155,AU,,D2,XX,DV,XX,DL, 
87123f5a-942b-474a-976a-09f7de74adc5,F,1,79063,KN,,D3,XX,,XX,L1, 
a6811abe-e4e0-4f6d-ab88-4d50fa5eec7b,,1,288297,KS,XZ,D1,,,,, 
52d28655-a8d0-43e5-86ba-fde938bf649f,,1,256044,KN,,D3,,DV,,, 
023fc089-7d38-4c06-8d4c-45eee54871d2,,1,291453,KS,,D3,,,,, 
987ddf70-7317-4746-8e52-7ff4be1ac5e6,,1,269720,KS,XZ,,XX,,XX,, 
10e44687-68a0-436f-b21b-e7b50c48fdfb,,1,271870,KS,,D1,,DV,,, 
790a8022-88c4-4819-955b-cef24bed3cfc,,1,169886,KS,,,XX,,XX,, 
8ced157a-1d08-45be-adfa-3b3a29492b9c,,1,131105,DM,,D3,XX,,XX,, 
df9a1a6e-74d6-4f24-86db-02ead1da2825,,1,57815,,XX,DD,,,,, 
06b38d17-69e9-4819-acd9-1fd81a0885b6,,1,45038,KS,,DD,,,,, 
94f65f5d-82dd-44fe-b906-588b3bbb7d49,,1,225210,KS,,D2,XX,,XX,, 
3c93392a-74fa-4d4f-8771-de76b4c2fe61,,1,166088,KS,,D3,,V1,,, 
9b6e5f3f-88c9-4b3a-b6d4-4bd9b7bffc76,,1,304103,,,D1,,,,, 
f95567c3-b02d-4242-b5ba-15ba32a8ceb0,,1,303238,AP,,D2,,,,, 
818a699a-9860-4c80-9570-2fa63e22f93d,,1,304262,AC,,D1,,,,, 
1fcadb7b-53d8-4640-b84c-7549acd04acd,,1,124323,,,D3,XX,,XX,, 
2ff706c0-1a5a-4def-9181-337433067920,F,1,115316,DM,,D1,XX,,XX,DL, 
25bb03a5-1f3c-4bc0-8c59-c2a50956904c,,1,81940,KS,,D2,,DV,,,XX
53975556-3ce1-474b-b915-337484c58c44,,1,90039,KS,,,,DV,,, 
a6f5aeb6-3c37-416c-9794-c7dd7192323c,,1,180683,KS,XD,D3,,DV,,, 
094f52f3-8d35-4b3b-955f-934933c155ce,,1,179317,KS,,D2,XX,,XX,, 
4e3fe05b-8889-45f2-b162-b17cb39d01d2,,1,256875,AU,,D3,,,,,XX
c079c386-9c22-4aec-8e5b-8330e77814dc,,1,264264,KS,,D2,,DV,,, 
0cc8e08c-5055-4f7a-996b-4ba4ab335304,F,1,88815,KS,,DD,,,,L1, 
31417df3-d304-4b64-9322-9891cd74c34f,,1,24305,KS,XD,D2,XX,,XX,, 
da4af627-408c-4aca-be07-0bdd08fdebd5,,1,201599,DM,,D3,XX,,XX,, 
a0d0e219-b53f-490c-812d-8b5a1f62d9ba,,1,250739,KS,XZ,,XX,,XX,, 
fa97a1ea-7f6f-49e4-9d8f-7e7a3f9cbd10,,1,285302,KN,,D3,,,,,XX
77a8d058-1d0c-43d8-9874-a3eecb39e640,F,1,220924,AU,XD,D3,XX,,XX,L1, 
099ae8c8-1919-4584-b5d6-ff509f99647d,,1,216946,KS,,DD,XX,,XX,, 
790110e5-854a-41fe-8bde-8b068afd0670,,1,108484,KS,,D3,,,,, 
acb08b94-e3a9-47e3-a03c-ac68f2bbed31,,1,236639,KS,XC,D2,XX,,XX,, 
4166596e-5299-4835-8b9b-033377fc62eb,,1,292642,KS,,D3,XX,,XX,, 
b1f28e91-01a0-47fb-9101-f49c0d10368b,,1,79450,KS,XX,D1,,,,, 
e8671cdf-44f1-4c96-b955-59672cc08da2,,1,182154,KS,,,XX,,XX,, 
c328fb86-73a2-46d7-a72f-9ebcdf5070a9,,1,309225,KN,,D3,,,,, 
65a87a33-11e7-4d32-9155-73e8a7588164,,1,253727,KS,,D3,,,,,XX
ac2222d3-16f3-4492-85ce-15cbebb07bda,,1,208889,KN,,,,,,, 
e68a8cee-ad38-42c8-9255-a10c4f8cd85d,,1,149034,KS,,D3,,,,, 
1f7c6788-6636-44c5-8791-81bf977c0acd,F,1,238347,DM,,D3,,,,L1,XX
fa185e76-0b10-42d5-b6f5-a0e623fc7b34,,1,150261,KS,,D3,XX,,XX,, 
60e5ec15-174e-4da1-904d-b8e9387633ec,,1,56595,KS,,DD,,,,,XX
a0a88296-688f-4214-b72d-25ec9aa3c860,,1,257985,KS,,D3,,,,, 
500a98c9-ed92-4368-80c9-159fd3e652c7,,1,240133,AP,XC,D3,,,,, 
772a4233-f701-4ae3-b649-4e0ac37e0f1d,,1,112447,AU,,D3,XX,,XX,, 
130404b5-596b-4807-a19c-fff0bc62ae67,,1,47666,KN,XD,D3,,DV,,, 
d82a9df0-6fdf-4011-aee3-1bd104184e49,,1,172288,KN,,D1,,,,, 
b63a8dad-162a-430b-93eb-7991222b6881,,1,307145,AC,XZ,D3,,V1,,, 
69e4397e-7933-449b-8393-3baffc8db137,,1,66474,KN,,D3,,,,, 
7532db67-6f19-4d9d-a050-ff3701e2381c,,1,257806,KS,XD,D3,,,,, 
dfeddde6-fb73-403f-8249-c48068cada34,,1,88417,KS,,D3,XX,,XX,, 
30dc2813-4087-4dc3-8259-b7389aa0c351,F,1,84611,,,D3,XX,V1,XX,DL, 
41e35427-b7a2-498a-ba3b-2ce8f7e050bb,,1,72760,KN,,D3,,,,, 
c540da82-2823-4ce7-a7f9-a7eafa2e879e,,1,120110,KS,,D3,,DV,,, 
797fc832-b077-4e1d-93e7-a4e435465e30,,1,59597,KS,,,,,,, 
c06c44c9-ba0d-4880-b56a-93de11561935,,1,270591,KS,XD,,,,,, 
066cabe6-8c40-4dce-9a2e-ac21e1a1a4dc,,1,149369,KN,XX,,,,,, 
4b6ea7a5-26ac-4867-822f-e4ec8a1638d8,,1,153151,AU,,DD,,,,, 
8dda8c7a-d998-48b6-85a2-24fbd78dbe48,,1,235818,KS,,D1,XX,,XX,, 
625a0b45-429a-428b-8b1a-d99b35436e86,,1,253428,KN,XZ,D3,XX,,XX,, 
0c289124-adc0-43fe-ac3f-023921f9a708,,1,219005,AU,,D2,,V1,,, 
64bcdfd3-5910-4e12-962d-9885ed990def,,1,253971,AU,,D3,,,,, 
d9ad6a67-88a2-4322-8fb4-98dce307fa77,F,1,143535,KS,,D1,XX,,XX,DL, 
6010e8eb-fa7e-459e-9c21-0c3c38eee86b,,1,306350,KS,,D1,,,,, 
8fd448ff-fd8d-4a0b-b831-0fcda3ef465b,,1,129421,KN,,D3,,V1,,, 
e453788b-e0aa-4d4d-ba15-f64b992df1be,,1,78474,KN,,D2,,,,, 
7933fd35-cf4c-4c60-87a9-295c94cca7db,,1,211947,,,DD,,,,, 
3e591cd9-e192-4a5c-a636-ce94cc38b72c,,1,153547,AP,,D3,,,,, 
2b0a5eb3-9841-4532-9098-8c9d86810e33,,1,125746,KS,,D2,,,,,XX
04a89783-8c59-4079-bec1-74f5451e3d49,,1,83199,KS,,D1,,,,, 
7cb498f0-3f1a-4bed-9996-e34f56f4fe55,,1,207515,KS,,D3,,,,, 
08f4e17c-c3ec-45b4-b4a7-4440c7b5609f,,1,246441,KS,,D3,,,,, 
524f3225-c2da-4644-8bc2-44743eb87a2c,,1,178927,AU,,D3,,,,, 
214e2d2a-eb67-49ec-a425-7c8d82fa1d57,,1,53788,DM,,,,,,, 
9da4db8b-bbae-4b35-a35d-031bdf240d7c,,1,47828,KN,,,,,,, 
2cfe1fe8-76bb-4afe-a660-9179ff2bf3da,,1,116114,KN,,D2,XX,,XX,, 
5165c74d-db4b-4d2e-8e1b-76f0ba2f3f61,F,1,303548,KS,,D1,,,,DL, 
9b2d05ea-c37c-4b9f-8830-35d4c50f9ead,,1,272912,KS,,D2,,V1,,, 
cfe71b5c-5795-4e9c-b69e-f0393fea8f2b,,1,122683,KS,XX,D3,XX,,XX,, 
a2813240-379f-4110-b0ec-cea3ef71e245,F,1,35829,AU,XZ,D3,,,,L1, 
30a610b7-6381-4ff5-8d50-81056b9fb2bf,F,1,269282,AU,XZ,D3,,,,L1, 
b598347d-a600-4af2-ae0f-2027079579d4,,1,171658,KS,,,,,,, 
74008210-a1fb-43ae-8e8c-676e0c6d1cd8,,1,132710,KN,XC,,XX,,XX,, 
8d7d3e76-a24e-43b3-b84e-138dcf1431a5,,1,113565,KS,,,XX,,XX,, 
8b8e845a-4943-40b1-a68a-aaae76b805a4,,1,195461,AU,,DD,,,,, 
5de1d09f-4bbe-4423-9a50-b108cfecab17,,1,207962,KN,XD,,,,,, 
5ac211c0-ee41-4a2f-9ce6-7027c8b9abce,,1,67263,KN,XX,,XX,,XX,, 
616d75f0-9a59-4682-91b6-5d416a320fd6,,1,145562,KN,,D3,XX,,XX,, 
5951adfc-69db-4122-af0b-842e609efe6a,,1,70010,KN,,,,V1,,, 
9de2be58-df43-46f8-9a7d-6643bc16a9fd,,1,229110,AC,,D3,XX,,XX,, 
acf600b4-74fd-470a-8517-99918372ac6b,,1,209389,KS,,D3,,,,, 
7ba0a960-7ef7-4b82-b22a-f97d00361c0b,,1,147052,KS,,D3,,,,,XX
317e5fe0-cc47-40df-a78e-3b501ec8138d,,1,72672,,,D2,,,,, 
d0451c2f-8513-4c6b-94c7-872c4ef19931,,1,109454,KS,,,,,,, 
732bbfb6-e57c-4508-b44c-0b94d0b7bc69,,1,32693,KS,XD,D2,XX,,XX,, 
7eea058a-afef-414a-974f-ba3820973f3e,F,1,225704,,,D2,,,,DL, 
4c22d9df-840e-4e65-9dbf-a79cf64f0bc2,,1,19751,,XC,D1,,,,, 
d090bcf2-a58b-4156-add2-0430fa549040,,1,57793,AC,,D3,XX,V1,XX,, 
926118a2-96ff-486d-b8e1-f7241ebb77e5,F,1,120728,AP,,D2,XX,,XX,DL, 
98208673-87af-49bd-9926-2bdb4617dc05,,1,37420,KS,XD,D3,,,,, 
b41e441d-9372-402a-8b23-e52aa919c014,,1,77566,KS,,D3,,,,, 
9c23f030-2bdb-4cc6-98c1-0f292cb012e8,,1,238758,KS,,,XX,,XX,,XX
07022518-2c0e-414e-aefe-e8a9c4926fde,,1,168761,KS,XC,D3,,,,, 
494381e6-f6fb-4fd8-bd10-1fc085e0f879,,1,272773,KS,,,,,,, 
d56838c8-57b5-4b46-8d7a-40ca221cde53,,1,165923,KN,,DD,,,,,XX
a1397d7b-ccf0-4d7c-8b96-166f591caf9a,,1,104063,,,D3,,,,, 
a30fa21c-d275-4f76-a4e1-1295a306ed28,,1,25364,DM,,D2,,,,, 
2f3566e1-6f73-44dc-95ef-663df50aa404,,1,107489,KS,,DD,,,,, 
77f872eb-dfbc-423a-937d-fbecd523127c,,1,59872,KN,,D2,,,,,XX
bdb9291a-2be8-4299-a443-5315075ec6df,,1,309459,AU,XZ,D3,,,,, 
6814a872-68b4-4a11-ac99-d9d14378926c,,1,217386,KS,,D3,XX,,XX,, 
255c1c85-90b4-4325-bf6c-a6a209d26025,,1,228086,AU,,D3,XX,,XX,, 
be21746a-502d-4ce1-9643-2df88218c8dc,,1,225286,KN,,D3,XX,DV,XX,, 
053a9738-0e75-45b9-94c9-e1e5d647b83c,,1,168817,AU,XD,D3,,,,, 
098f4c6d-9018-4eeb-aaed-42be3545bfdd,,1,68980,KS,XZ,D3,,,,,XX
fd57f30a-5dd5-4ad5-ba46-0affda2aca60,,1,106658,,,DD,XX,,XX,, 
db316f4d-dd0f-4703-a8a7-8b138fd8955c,,1,97485,KS,,DD,XX,,XX,, 
3e3a9e07-c39e-498d-a3a6-64aa52fab145,F,1,183339,AU,,D2,XX,,XX,DL, 
179c4003-2880-48a6-bd2b-fb74a20bd031,,1,269909,DM,,D1,,,,, 
1a753d79-6573-4243-b9a7-fd62062565a7,,1,140625,KS,,D3,,,,, 
959e72fb-1153-47a1-8f0c-526757cb3f3f,F,1,200769,KS,,DD,XX,,XX,L1, 
c065ff47-a34f-4115-b673-d462e1817fad,,1,244824,AP,XD,DD,,,,, 
3628b920-43e2-4b32-8575-3507be83a47d,,1,82821,AC,XD,,XX,V1,XX,, 
11df8310-b278-4f11-8fd8-463556500a3d,,1,162836,KS,XC,D1,,,,, 
b17fef22-1ef7-475d-a97c-a8efee225392,,1,79415,AU,,D3,,,,, 
0edf98a9-62d7-4dda-9327-b17b486e5591,F,1,105707,KS,XC,DD,XX,V1,XX,DL, 
c789cf59-9072-4ce9-8242-3cc4059d84ed,,1,83035,KN,,D3,,,,,XX
de3c941c-3ee4-4c11-abf6-4f5a03620a38,,1,50204,AU,,D1,,,,, 
3b213e61-7c27-468a-ba65-e6159172c52c,F,1,263350,KS,,D1,,DV,,L1, 
be10b1d1-2f43-4bcd-9823-e44d1941154c,,1,83977,DM,,D2,XX,,XX,, 
1d422962-d5ff-4e36-b40b-303cd6ec9abb,,1,233881,AC,XZ,,,,,, 
e3e64269-2099-4315-98b1-8735d1e1329d,,1,196696,KS,,,,,,, 
9bb8e305-b461-4cb1-a440-fc7d1a728236,,1,191194,KN,,DD,XX,,XX,, 
684e0816-37ec-4820-b553-9da70f04f1ee,,1,33576,KS,,D3,,,,, 
9bd76d41-1291-4a6e-8ea2-2fd94636656b,F,1,135307,AU,,D3,XX,,XX,L1, 
80afdedd-c10e-4b53-a245-af275a82499a,,1,79795,KN,XD,D3,XX,,XX,, 
d1aeb4c8-19fe-45d0-b8c3-bd77fc58fa94,F,1,302248,KS,,DD,XX,,XX,L1,XX
e04e200e-2240-4604-9716-c6f7c3625e88,,1,137769,KS,XD,,XX,,XX,, 
a9deffb4-4449-4577-bfb8-d47644698687,F,1,21457,AU,,D3,XX,,XX,DL, 
dddca8f0-21a9-49f6-9428-90f9bbd334ee,F,1,236403,KN,,D3,,,,DL,XX
ff70d34b-ceb8-4816-a89b-e5646e0f7043,F,1,28369,KS,,D1,,,,L1,XX
08695a7f-4f96-4cc4-8d03-dacc764d3a63,,1,49166,DM,XC,D3,XX,,XX,, 
3b98e8e0-a765-4266-951c-a51f33ca4fc2,,1,255488,KN,,D3,,DV,,, 
4a54ad71-e07a-4bdb-8c9f-b328d464758e,,1,98989,KN,XZ,DD,,V1,,, 
0d7ff9bd-4798-4b40-885d-c89bfad7a239,,1,101321,KS,,D2,,DV,,, 
8b674527-d1fd-4b68-a75c-38aa8e8eb998,,1,163409,AC,XZ,DD,XX,,XX,, 
5d0fac0f-be84-4c86-8d60-90cc92d34be6,,1,299865,AU,,D2,XX,,XX,, 
89f4bea4-1ced-4a46-b4c1-ba39a8d2cc57,,1,183209,KS,,D3,,,,, 
2545fb4e-34dc-43ee-b8a2-2c392e11f8a6,,1,256380,KS,,D2,XX,DV,XX,, 
c65f489e-a1ce-423c-b70e-9a6a170e7cc9,,1,250860,KS,XD,DD,,DV,,, 
c5b8637e-bc79-4bbc-bf68-846bb3247e47,,1,127670,KN,,D3,XX,,XX,, 
b3c5255e-a465-4608-b2d8-9e010cdee236,,1,93063,KN,XZ,D2,XX,,XX,, 
b418bcdb-f8a4-4591-92fe-2d0d937f1170,,1,248037,KN,,D2,XX,,XX,, 
3db0104c-6d79-4609-8f85-6cb1fea95512,F,1,129152,KS,XZ,D1,,,,L1, 
9ba34761-1fe9-4592-93bc-b58e290f3f04,,1,73634,KN,,D1,XX,V1,XX,,XX
893900d3-7511-41f4-bfd8-d8158cf7725c,,1,68205,KS,,DD,,,,, 
862bd929-c6c8-46f2-a076-332bd5dc3958,,1,118881,KS,,D2,,,,, 
63821de4-1028-4fb5-94cb-da08f425107a,,1,253195,KS,,D1,,,,,XX
f202d760-52b0-459e-b2ae-d81e1071c0b3,,1,229346,KS,XD,,XX,V1,XX,, 
4401cef4-deee-4dd5-8e0c-701659c8a0b6,,1,184611,AU,,D1,,,,, 
70a5fb6e-b036-44b9-8239-518a82f015cd,F,1,169528,KN,,D3,XX,,XX,L1, 
7507dfc4-79f9-41b9-8333-3b6e33284eeb,,1,20564,AU,,,XX,,XX,, 
ec86d765-0520-4775-af88-da016323d468,,1,258441,KS,,D1,XX,,XX,, 
6bacbef9-10fb-49dc-ab55-515888c8a57f,,1,250727,AU,,D2,XX,,XX,, 
94755769-1c75-4358-bbd2-395bf6a847de,,1,37311,AU,,,,DV,,,XX
d9a9e383-b404-4b7b-8729-b419cdb1ff08,,1,69977,KS,XZ,,,,,, 
17c70c9a-47e6-45e1-b1fa-9f490c091138,,1,223364,KS,XZ,,XX,,XX,, 
5db5b041-4e4e-4eab-913f-0d458894c2cd,,1,266555,AP,,,XX,,XX,, 
eb964a18-54b6-47bd-aefd-c1abd868a14a,,1,174253,KS,,D3,,,,, 
fd88145c-e21a-4a6a-a5f4-2f39d8f3209c,,1,279781,,XD,DD,XX,V1,XX,, 
cf876f9e-33e3-45f0-bdc8-ff82bbdb4155,,1,63781,KS,,D3,XX,,XX,, 
33af26b5-f3e2-407c-a75e-dfe73ee9aa84,,1,126614,KS,XZ,,XX,,XX,, 
59c08614-5666-4d6d-988a-c7b3ffc9a71d,,1,162077,KN,,D3,,,,, 
85cdf4e0-a043-4990-b6c1-4d595fa3fc3a,,1,283283,KS,,D3,,,,, 
9cf05e34-9236-4519-ba20-59af022af377,,1,172727,KN,,D1,XX,,XX,, 
24b016a5-5026-4b17-8ab3-ac540cdf06b1,,1,151290,KS,,D1,,,,, 
94eeac69-c556-432b-a94a-cc8603a1a3b9,,1,101346,KS,XZ,D1,,,,, 
e3d29923-2fe2-402e-bf02-bea77905ed9c,,1,243382,KS,,D3,,,,, 
d1096516-d931-49cb-9352-7cbeaf5e3fed,,1,309164,KN,,DD,XX,,XX,, 
787c52af-ecc4-4d75-9ba6-a8cbb54c2ef5,,1,111149,DM,,D3,XX,,XX,, 
41bdbe45-5c6c-4801-8857-8eea9d8f1dbd,,1,158654,KS,,D3,,,,, 
ec688b0a-89cb-47bf-9471-c65ad632c9d1,,1,279522,KN,XX,D2,XX,,XX,, 
c2743b19-3266-4de6-995f-dba2493d9dd2,,1,167378,AU,XC,D3,,,,, 
7219090b-27e4-4f53-a2f5-8c0e375a8e6f,,1,21099,KS,,D3,,,,, 
3089cc63-d3b6-4535-8dac-cad872dbf37c,,1,238716,,,D1,,V1,,,XX
a7433f8c-f6ac-4371-81f8-efd939ef2144,,1,18031,KS,XZ,DD,XX,,XX,, 
2a4fb125-58e2-4c58-a62a-d79c5efbae37,,1,227097,KN,,D2,XX,,XX,, 
f2197a11-0f33-432f-8a35-c76a45fcf2e2,,1,159296,KS,XX,D2,,,,, 
60a8fb99-6d91-47ae-b337-11e5c5226fce,F,1,65336,KN,,D2,XX,,XX,L1, 
48dd8586-28d6-4bd3-8bc2-c0d462506859,,1,205610,AU,,D3,,V1,,, 
4491c25b-e78f-4312-92ae-6e78530ed04a,,1,102389,,,D3,XX,,XX,, 
f9641072-d198-4a47-94a3-c7997b97d47b,,1,197613,KN,XZ,D3,,,,, 
6b26ac0c-8858-4b37-8174-5b0a5a7fefd7,,1,71685,KN,,D2,,,,,XX
a69a1c15-6af8-422c-8ca2-5967b94cbba1,,1,78616,KS,XC,D2,,,,, 
6cc5bbf2-53b7-46d4-a314-987ab49b4b8c,,1,141225,KN,,D3,,V1,,, 
6aaf12ae-c61d-4fd1-a659-4ab2b5948ddd,,1,139749,KS,,D1,,,,, 
c1164a9f-9bcd-482f-80e5-e591a338fbe2,,1,286281,KS,XX,D3,,,,, 
8227b691-4a8e-4242-9a5f-9702209da6da,,1,147375,KN,,D2,XX,DV,XX,, 
70d3890c-b69d-4952-abf7-03bf87cc3690,,1,29299,KN,XZ,D1,,V1,,, 
54e9829a-aea0-410c-a40c-b4bc657f0bf4,,1,285431,DM,,D3,,,,, 
c00f67c7-d157-4a09-83f9-b430c836d589,,1,99581,KS,,D2,XX,,XX,, 
52aa7146-573a-4347-a650-090204de70cb,,1,89722,AC,,D3,XX,,XX,, 
b2ffc02d-25d1-4150-aece-010ab64f6b02,,1,122588,AC,,D2,XX,,XX,, 
84f41bc2-1b63-4ed4-8a01-3cb569d930e5,,1,234376,KN,,,,,,, 
f3fef2a1-b73c-4f52-9624-aa86b85ee0dc,,1,302562,AP,,D3,,,,, 
845c4703-c1f5-4f21-9c43-81dd0e91f5a8,,1,294404,KS,,D3,,,,, 
0ba77135-95c7-4c8d-80ea-ecad5c6c5a7c,,1,25013,AP,,DD,XX,,XX,, 
026da5cd-8d5e-4ea0-8db4-d7654f641d5f,,1,240243,KS,,D3,XX,,XX,, 
0408c777-22bc-4018-99b1-971d2f7c8e72,,1,46547,AU,XC,D3,XX,,XX,, 
ad934234-1709-44a7-9bb6-66a8f4391df2,,1,162903,AP,,D3,XX,,XX,, 
eb95089e-32fb-4a73-88a7-53f9481866f3,,1,270199,KS,,D2,,,,, 
b8d779db-c461-4afe-8048-f60da93408a6,,1,68635,AC,,D3,,,,, 
b8421a95-6c84-4275-a952-17573b5ecf5a,F,1,51034,KN,,D2,XX,,XX,DL, 
96f8c700-7e56-4f7b-95dd-920fcd5a7400,,1,140531,KS,,D3,,DV,,, 
878704c3-bef5-4e7e-83cf-b1a4ae16e8a3,,1,160882,KS,,D1,XX,,XX,, 
3c14047e-1dc7-49df-b96f-c50f0f5c16e4,,1,288781,KS,,,XX,,XX,, 
da1cc0c4-1ffb-4759-86fa-d1fe81415571,,1,256276,DM,XZ,D3,,,,, 
02579df9-8344-4911-917e-54c58ce5cff6,,1,273108,AU,,D2,,DV,,, 
f3d40759-c769-4845-a931-33276405659b,,1,26685,AC,,,,,,, 
12b6e9ed-0a91-428a-b318-8c9a6fb9d3ba,,1,37563,KS,XD,D3,,,,, 
cfdee622-4f68-4a10-b5e6-82e49d2e2bc1,,1,39541,KS,,D3,XX,V1,XX,,XX
4a50c8f8-7f27-4fbb-9ce5-59e398064f48,,1,14516,KN,,D2,,,,, 
4209d3bf-aff5-4cc8-8687-74b3c150b0aa,,1,221187,KN,,D3,,,,, 
4d4e9e8f-b4e8-4536-af16-257825ea0fc0,,1,68223,KN,XD,DD,XX,V1,XX,, 
a8405833-13a4-4fbf-a427-f156ca757ccd,,1,131097,AP,,,XX,DV,XX,, 
53b5ac9a-3018-4c9d-881e-5372a98b6629,,1,194287,KN,,DD,XX,DV,XX,, 
d62585e2-794d-499e-a0a2-f5f80cddcc9a,,1,56338,KN,,DD,,,,, 
44bbc4c1-182a-496e-9b9f-9644044273d9,,1,301073,KS,,D3,,,,, 
d98fd415-26f9-485a-85fa-15a39e56ab2f,,1,175248,KN,,D3,XX,V1,XX,, 
095a29c9-6dd3-49b4-971c-1b36436ccf35,,1,293074,KS,XZ,D3,XX,V1,XX,, 
ceeb1b9f-e158-4a4d-9110-6fcea6552ae4,,1,125222,KS,XZ,D3,,,,, 
08617041-e020-47f2-9660-eb30aaf3d55c,,1,269038,KS,,D1,,,,, 
f9275e28-72f8-4076-b414-b14e500193a6,,1,39297,AP,,D2,XX,,XX,, 
434eb2f8-a341-47cc-91c1-14b5b69d9387,,1,290444,KN,,D3,XX,,XX,, 
16aa20ad-7926-4cac-9e98-2d6797c895d3,,1,214778,KS,,,XX,,XX,, 
1162ed92-4c35-47ab-aa19-be7a83a57c80,,1,255491,AC,,D3,,,,, 
a40851d0-b37e-4e71-860d-d1c6b5074493,F,1,124207,KN,,D3,,,,DL, 
2c820b7e-da23-4bc4-b141-8d6ff58852c1,,1,99581,KN,,,XX,,XX,, 
f7be01e8-9cb5-4bda-bff1-80aa00cbe321,,1,288590,DM,,D3,,,,, 
c7d70137-89d3-4fe4-87e2-d7ec106cf898,F,1,74365,KS,XD,D3,XX,,XX,L1, 
f5995ef2-defd-4ab6-b053-6bb7c1178267,,1,107916,,,D3,XX,DV,XX,, 
e566bbde-e348-4408-a375-30b340c435d9,,1,77923,KS,XZ,D3,,V1,,, 
39fcb98a-3477-4af6-a393-248a13fc6dec,,1,94041,AU,,,,,,, 
490509c7-d60a-422e-9830-518dd23808c8,,1,125175,KS,XZ,D3,XX,DV,XX,, 
c210acd7-bd39-4ae6-8c37-66cc8182225f,,1,228850,KS,,D2,,,,, 
eddfe02e-93f1-4718-87ea-e1f655af6e95,,1,215780,KS,,DD,XX,,XX,, 
ca9f1a80-8667-478f-a23a-6d06b3b5a078,,1,113518,AU,,D2,XX,DV,XX,, 
3b67b5dd-ea3f-44cd-b45e-0af9ec4c5f45,,1,209073,KN,,D3,,,,, 
e33643a0-ce28-4209-82f4-e11087c634ba,,1,293320,KN,,D2,XX,DV,XX,, 
3979ccd4-aec9-478c-9e0c-1b0959a7f9ba,,1,233915,KS,XZ,D1,XX,,XX,, 
7bda233b-caa9-4fbc-8fad-e8b55ea377a9,,1,178977,KS,,D3,,,,, 
9bb1919f-a9f6-4a7e-8531-4321762ce860,,1,67119,,,D3,,,,, 
99b39e98-5819-4a95-a08b-992d509b5f21,,1,109150,KS,,D2,,V1,,, 
325c3912-2999-4cdf-bbc5-85a50992409c,,1,68816,KN,,D2,,,,,XX
5ee6bdf0-310a-432a-a755-da24ba2390ab,,1,53181,KN,,D3,,,,, 
9cfd5d8a-4959-4eec-ba67-68366bce846c,,1,66700,KS,,D3,,,,, 
87fe5ce3-5f1e-4287-80b9-47b0e30cb8fe,,1,226881,,,D2,XX,,XX,, 
9fb82618-f025-4b25-95db-503059f77315,,1,154128,KS,XX,D3,,,,, 
c29ac147-3f74-4c38-9683-ce246ff528e7,,1,154328,KN,,D3,,,,, 
d2196ee2-1331-4a56-ada6-869adfc075a1,,1,57433,KS,,D3,,,,, 
1a809601-3373-47ad-b26f-557d5630e6bb,F,1,205367,KS,,D2,,V1,,DL, 
aa7efeb3-1f0b-46a7-8736-76638b6b8ce8,,1,286112,KN,,DD,XX,,XX,, 
000b3ee2-baf0-4ad2-b193-fd926b2473df,,1,57019,KS,XZ,DD,,,,, 
c832b6c6-ba42-4388-aa66-a39223be3669,,1,58817,KS,,DD,,V1,,, 
8fef5068-8438-4ad8-a5b8-49fba4b83067,,1,231076,KN,XD,D2,,,,, 
8c5dab00-5c5b-4df5-be2f-fe59c44adbdc,,1,181581,KS,,DD,,,,, 
f5f1a348-c967-4804-ac39-00fdff2243c8,,1,186307,KS,,D1,,,,, 
f8286b08-3858-4f46-b239-2b06b78859ee,,1,217339,AU,XZ,D3,XX,,XX,, 
57da003e-276b-4973-9ef6-2a7b1f26c6f8,,1,83898,KS,XZ,D1,,,,, 
cdf7ed90-bc70-4722-b0dc-6c343e775ba4,,1,223530,KN,,DD,XX,V1,XX,, 
3e323f31-a06c-4f9e-b172-52fdf132521f,,1,250190,KN,XZ,D3,,,,, 
e5e43fc6-742b-4717-ab73-5bf95d12da21,,1,255288,KN,,D1,XX,DV,XX,, 
58ff6114-1ea5-44b1-b5f6-51d362ca75d5,,1,305716,KS,,D1,,DV,,, 
88104f4a-0a35-4340-ab1e-dab05e9d94a8,,1,104544,AU,,D2,,,,, 
9d261f98-7d01-4555-922c-b6a3c1ee1741,F,1,126080,KS,,D3,XX,,XX,DL, 
33303cd5-bec3-4849-a9d7-292222be7e3c,,1,210003,KS,XD,DD,,,,, 
eb476691-52bd-4270-a993-602b3015e9fd,,1,94178,KS,,D3,,,,, 
f8e0edc1-75eb-4e38-b485-87e4fba46787,,1,44982,KN,,D3,,,,, 
c7c5a0b8-cc29-455e-9956-4051b7bdda1b,,1,18186,KN,,D2,,,,, 
ea57cdf6-3dab-4945-9522-744807bce692,,1,235342,KN,,D2,XX,,XX,, 
9c729fd1-8e3c-49ea-9919-c0fb0f34c928,,1,158570,KS,,D2,,,,, 
8eed765b-8e81-4225-96d2-45c31cd40844,,1,259683,KS,,,,,,, 
3023e6c6-ae70-420f-8b5b-1d4856ae48ab,,1,281440,KN,XX,D2,,,,, 
ff39f555-87f4-41e2-b17f-51f9f93301e2,F,1,50742,AC,,,,,,DL, 
e8a9bced-aa7b-4778-b1b1-5b1fdef63144,,1,263634,AU,XZ,D1,,,,,XX
883bfe60-f0dd-4ef8-b62b-9d99f0b5dbde,,1,245373,KS,,,,,,, 
b60864e7-92e0-47a5-96ac-d7ab15e397e3,,1,198411,KN,,D2,XX,,XX,, 
dca6f95a-600c-405a-b0c3-0d6ce48a9fab,,1,155587,AU,,D2,,,,, 
4ad97eec-dd38-4c6b-abc3-4015fa37b1fe,,1,64422,KN,XZ,,XX,,XX,, 
4749610e-2461-460d-acb2-8463c2914406,,1,47414,KN,,,XX,V1,XX,, 
0bac2409-89a6-4ad6-8c33-ad1b6d14fb7d,,1,199653,KN,,D3,XX,,XX,, 
47da7479-9d5d-4213-a273-3c4e4cb71588,,1,32229,KN,,D1,XX,,XX,, 
c88aaa6b-ca94-4bb0-80a6-a89ad6b2c724,,1,271918,KS,,D3,XX,,XX,, 
f1fc3aa1-fab6-4af1-88d1-9d1cd1fc194e,,1,12101,KS,XZ,D3,,,,, 
e5dd7eb8-f19d-4c4c-a7d2-3a54bd68ec7f,,1,171483,DM,,D3,,,,, 
8afa32a3-6acc-409a-887b-478482d8c60d,,1,26239,KN,,,XX,,XX,, 
50746db6-2dd0-443f-9b8b-17caa26d1816,,1,169454,KS,,D1,,DV,,, 
84737e62-1fd1-4085-8c34-b1449fc08f2f,F,1,76482,KS,XD,D2,XX,V1,XX,DL, 
8a8b7459-4b5b-43e7-951e-5f57dd9452a9,,1,235343,KS,XZ,D3,,V1,,, 
84374019-e2bd-4ed6-a212-a394964d656f,,1,170600,AC,XZ,D2,XX,,XX,, 
eca04c43-dc05-4f43-9d99-5b4fcdbd318d,,1,297126,KS,,D3,,,,, 
60a11d48-308c-4af1-ae3e-8c33ae121beb,,1,134901,KN,,D3,XX,,XX,, 
a88d2f0e-fd6a-436d-864e-e631c7e457a9,F,1,84361,KS,,D2,XX,,XX,DL, 
3f15e5b7-19b8-4094-a3e7-d0ab776aaf35,,1,147897,KN,,D3,,DV,,, 
92be512b-6ac6-4c06-b66d-b2003a4ef0b6,,1,43867,KS,,D3,,,,, 
ec438a92-6ec8-4dbd-ac4e-c11498d74934,,1,297051,KS,,D3,XX,,XX,, 
bfbddc47-ab9d-403d-a457-2f21b5173174,,1,252993,KS,,D3,,,,, 
4330662a-86dd-4f36-a366-064ffe02dff8,,1,299979,KS,,D3,XX,,XX,, 
cfdc8b8b-0488-4306-8068-ddb3a1fa2767,,1,157099,KN,,D1,XX,,XX,,XX
efd520f0-2e30-4fde-ab78-9398b7c3c423,F,1,149419,KS,,D2,XX,,XX,L1, 
230038f7-48d4-47a6-bc7e-d202c8b5dcc9,,1,84141,AP,,D3,XX,DV,XX,, 
6812da65-522a-4bf1-900f-e8ab4f465bed,,1,196997,KN,,DD,,,,, 
97cd0c82-0505-49f4-8434-90d813d94a91,,1,247388,KS,,DD,,,,, 
735312c3-b128-498f-8a5f-e509bbcff6ba,,1,199058,AU,,D1,XX,,XX,, 
071bb7a9-715e-4ee9-bcbc-5f480fe37489,,1,82210,KN,,D3,,V1,,, 
fe939e73-b258-4aa0-adcc-53a9db45f50c,,1,57142,KN,,D3,,,,, 
2b0e494d-6d1d-4a71-a2e2-2aa51397d16b,,1,214210,AC,,D3,,,,,XX
5a4e2faf-c773-4333-bb7a-d7bf2f82ef41,,1,56382,KS,XD,D3,,,,, 
dda6602d-f818-4602-b9af-702fa0bd39a3,,1,241564,KN,,D3,XX,,XX,, 
d79c0e19-d5ed-472f-b551-d1c7e8cd20ba,,1,119330,KS,,D3,XX,,XX,, 
1cdc33bf-a826-4a25-8c9f-386065115b62,,1,299429,KS,,D3,,,,, 
11d70299-98d8-4439-8da0-c7b8bb62e153,,1,48638,KS,XZ,,,,,, 
fbcf2588-c7b6-4a03-bd87-90adb49bb511,F,1,93321,KS,,D2,,,,L1, 
1e740eb9-da93-493b-afa9-0f321a41e9dd,,1,76928,KN,,D3,,,,,XX
ec1fb361-e53b-4fbf-a3e7-77dcd7ee3ca2,F,1,147735,KS,,,,,,DL, 
7b91ca6d-ba79-4daa-aee8-68b1aa9b54e7,,1,181657,AU,XX,D3,,,,, 
a15861ca-a517-40ab-950d-3843a0f870a6,,1,175367,AU,,,XX,DV,XX,, 
55ed0e97-5d92-4226-b0f8-fba27ddec203,,1,295708,KS,,D3,,,,, 
2cb520d5-4bfb-4bb0-8bd7-7081beb0ca63,,1,259785,KS,,D1,,,,, 
dd5b8a71-b317-4e0a-85f3-2d18f7bb28d0,,1,195066,DM,,D3,,V1,,, 
3c34aec7-a43a-44b4-bf06-a18ed9fa2dda,,1,213761,KN,,D2,,,,, 
bf184320-3e3f-4f98-9fef-13f31e19142e,,1,18925,AU,XZ,DD,,,,, 
0f2b96d9-9743-4d0b-80e3-076496f81927,,1,60877,AU,,D3,,DV,,, 
4a1192be-1d75-4907-9d37-04e91b0a9215,,1,218619,AU,XZ,D2,XX,,XX,, 
c30a2f4f-c03a-4d70-9d56-b49c1af0bdf5,,1,120779,KN,XD,D3,,,,, 
36ece8c7-c907-468f-a1db-578d6a5ef50d,,1,177659,AU,,D3,XX,,XX,, 
ac65badd-a223-4721-887a-a546a1b6a612,,1,158241,KS,,D2,,,,, 
c98400ba-2386-4a5c-b2af-c5b6bd473a24,,1,266291,AU,,D3,,DV,,, 
ca0e66b7-4456-448d-b7bf-4e2d11fe5686,,1,281565,KS,,D2,XX,V1,XX,, 
cd55a0ec-4233-4f92-b735-69515045ab0a,,1,35784,KS,,D3,,,,, 
8a3b2c05-fa8f-4cd6-82ea-7a44dac23c0f,,1,206696,DM,,DD,,,,, 
dedf8cf9-4082-4912-adfa-319c409ec674,,1,111900,AU,,D3,,,,, 
5ad59150-b04b-4749-ac4a-ae28a1ccf6b5,,1,113841,,,D3,,,,, 
6a109a2f-fa1e-4eb5-8b8a-a66242f5faec,,1,211604,KN,,D3,XX,V1,XX,, 
790eb0cb-eaf1-4113-9830-c0def1523521,,1,190221,KN,,,,,,, 
54677606-4103-41ad-bfb4-79a78ed06ac4,,1,237545,KS,,D2,,,,, 
be54d6a3-0618-40cc-897e-fd3505f58b2f,,1,158199,KS,,DD,,V1,,, 
e29d92fb-f3d9-46aa-91cd-7d6473fc2ce4,,1,208285,KS,,D2,,,,, 
7349869a-dea7-48cc-93fb-1de7f4f30ebe,,1,309682,KS,,D3,,,,, 
66e3fe13-bef4-4dfe-8d81-85c2e4c59311,,1,178428,AU,XD,,,,,, 
99b29b79-4e40-424b-9a2e-7f3fc00c1edb,,1,116134,AC,XD,D2,,,,, 
0f09d42c-f2a3-4ade-b8dc-bcada6a796f7,F,1,102094,KS,,D3,,DV,,DL, 
375d206f-29f8-4b80-8e72-adce4a4ee33b,,1,68854,KN,,D1,,,,, 
4b8c3aba-1074-48d5-916a-24911fb4136e,,1,291608,AU,,DD,,,,, 
30ece05f-4365-4345-b5de-a302057aaf61,F,1,213301,KN,XZ,,,,,L1, 
