dob,ssn,email_personal,email_work,mobile_phone,home_phone,work_phone,fax,username,pswd
4/5/1994,542410916,mpullen0@booking.com,,,,,,rhurst0,qhf8IxaWG
3/18/1976,609838336,abenediktovich1@boston.com,,,321-941-5700,554-843-1310,,fcorton1,c6aP7W
12/4/1955,263332958,bgieves2@columbia.edu,,491-141-8445,,,,acoulthard2,XzWh1Jecv
9/27/1987,084243029,aberlin3@discuz.net,,,,,,ssomerscales3,WZbdOsH11y
1/26/1971,345262054,sarnauduc4@ning.com,,,,,,clind4,FbEeNc9JQ
9/22/1991,356472064,drolingson5@slideshare.net,,,,,,mdansken5,FiKSXE2Jx1
10/5/1935,186746272,bcarvill6@sogou.com,Barbi,,,,,bfuggle6,g2mQEy
5/27/1913,448036549,pcamies7@squarespace.com,,130-148-0016,,,,cstoodley7,ImcKuEEln
11/22/1930,200023738,hlanning8@arizona.edu,,250-718-0744,,,,emaclaine8,8CDIjCyKQRk
7/10/1965,434826981,gvolet9@skyrock.com,,,,,,tcapon9,RVAxtcSv
2/24/1947,434848003,ygranhama@google.com,,,335-484-7407,,,dmissona,HJf0dJGqLAm
5/31/1927,738883872,asaggb@alibaba.com,Ann-marie,306-645-0984,192-998-2841,,,ahaselb,DhTvjjcj
8/30/1952,931568602,kharmec@cbc.ca,,,,,,ljachimiakc,Wjab8OR4g5a
7/19/1995,196803631,abalsillied@wufoo.com,,444-580-2753,,,,anashd,4HzIFFH
12/6/1933,754489353,mroosee@washington.edu,,,480-252-3893,,,gmerriotte,JWsRHBlw
1/20/1986,833012992,clittleyf@engadget.com,,337-434-0782,910-903-9466,597-860-5336,,pbeenhamf,69H86Z6G
2/10/1989,305680127,gcornbillg@dion.ne.jp,,697-883-2343,,,,banthoing,qF04HuZ1NF4
12/15/1962,268870437,lpostenh@abc.net.au,,,,,,olounth,pbXE21I3c
9/26/1952,394243001,enaptini@aboutads.info,,,,,,hteissieri,5GNAKFI
6/21/1952,883818617,hblandamorej@yandex.ru,,,,,,fdamiataj,2gtx2VeQwmgc
10/17/1933,644407953,cladellk@businessinsider.com,,,,,,nheimesk,5Jfg9TeZNjJ
9/28/1910,104803949,cwheaterl@blogtalkradio.com,,,918-399-5804,,,mviantl,EBCn9oiWF
8/26/1957,667520574,rlochriem@amazonaws.com,Reginauld,,,,,rcoffeem,X7mba9
5/6/1911,740574246,sambergern@sbwire.com,,,,,,caloigin,YLJT3YjB
6/30/1961,151875704,dbaxo@unesco.org,Dollie,,857-339-8916,,452-471-3062,dklimschako,AyORrQydem4
2/1/1963,998519529,,,,660-345-4941,,,wcarvillp,DIrDdOCHJ
12/15/1922,927980017,kguillondq@fotki.com,Kristan,,,,,kperroniq,fuwwi7s
11/5/1936,141106519,rgulbergr@thetimes.co.uk,Roderic,,,,,rpassionr,LUdwuH
6/6/1973,533953938,modempseys@aol.com,,,,,,kbelzs,h3zTeWWh2
4/25/1974,732152241,rourryt@nbcnews.com,,,,,,badamot,IplQFbitk
7/28/1952,831075143,,,993-518-5329,110-745-2757,,,odaverenu,9aDNA4v
12/15/1942,829350481,ajoffev@nih.gov,,977-470-9994,,,,cbryningv,PaJuS5edmoY
6/27/1929,858442994,cbenettolow@soup.io,Carine,,556-186-0459,715-855-0458,,crosw,rAsYEQV
11/29/1990,814641737,egravattx@addtoany.com,,,253-359-6486,,,lpavettx,oFLBOryda
12/7/1971,291681225,ccaulketty@prlog.org,,,692-140-6574,,,sdoriey,mG2hXCPb0Rd
5/7/1932,955764213,aokiz@adobe.com,Adriano,816-455-0480,,119-713-4426,,awynnz,x58N8jf
8/25/1962,029043048,apenhaligon10@hc360.com,,767-388-6678,,,,eegre10,vW3hOhoZ
11/17/1962,529642713,mgrunwall11@sun.com,,704-219-9790,,,,cfishburn11,Jc0hE1Bj
6/16/1952,662751496,,,983-955-9739,196-697-8170,,,ereedshaw12,HtMJvh
2/6/1994,274603798,amatijasevic13@angelfire.com,,,,,,akenwyn13,tgRiyFDP2
9/7/1935,005575980,fschohier14@nps.gov,,,,,,dolcot14,6P3kfbP
5/13/1944,706641690,lsalthouse15@cnbc.com,,748-806-8169,,,,dmcgarrahan15,z7AERC
6/19/1986,637590452,kvellender16@last.fm,,678-778-8429,518-679-2496,,,jibbetson16,UY5r54RCGz
4/18/1977,878346712,iede17@tamu.edu,Issiah,,,,973-227-7216,ibyrom17,4zDUexMko9
6/19/1942,298222993,dolivello18@nyu.edu,Donaugh,,,,,dmclanaghan18,0gdZ2wP
12/14/1914,397062293,vbloggett19@sourceforge.net,,663-390-9068,,545-231-1398,,celgie19,0Bl6om6JG
7/15/1995,951767659,bdechastelain1a@ed.gov,,696-294-6669,,278-784-0637,,mteager1a,PrvOz9
12/11/1968,261179699,iordish1b@telegraph.co.uk,Iosep,861-828-9246,,,,ihanhart1b,VBBNvMVjkY
8/7/1912,664855256,vfranzolini1c@craigslist.org,Vance,,,181-409-4986,,vmeake1c,cD59q1u
12/31/1925,699737979,tgregh1d@tiny.cc,,,,,,fpolamontayne1d,gbBBiGLkQUJD
6/15/1927,670407825,lskerman1e@google.pl,Lilith,,,,,lummfrey1e,P3x84XDmCL
12/5/1922,277046491,srablan1f@hatena.ne.jp,,870-994-1915,,,,hsansome1f,eoeyBPHgMpT
2/19/1963,293408645,kboath1g@netlog.com,,551-187-1627,284-974-2079,,414-293-0512,smcwhan1g,HSgvba0xgmMw
8/28/1983,970940014,cdecoursey1h@friendfeed.com,,,,,,ltithecott1h,puTZamnum5N
1/5/1917,618985146,,,,,,,braggatt1i,kJSA5Vx
7/19/1951,091812267,sdary1j@reddit.com,Stephie,,,,,splomer1j,oTsLf8QnhG
7/17/1925,062032079,gskinn1k@unblog.fr,,905-625-3012,,,,clemonnier1k,ea4QXRXrb
10/10/1966,793177391,cpenniell1l@hc360.com,,,,153-846-1925,,jvreede1l,yZ7WZOlOBP5v
9/21/1964,418893680,cmcnellis1m@slideshare.net,,,,,,aauger1m,lcyiHHM
5/19/1977,923721775,gclabburn1n@nhs.uk,,141-178-3744,558-676-1872,,,rbambrick1n,moWy4Mrf4Rpf
5/31/1945,439383913,,,695-643-6310,484-275-2743,,,mavrahamov1o,Zm2G9cU
7/8/1916,775454959,agourdon1p@e-recht24.de,,292-183-1173,,,,ibiggen1p,wqjVab7QBZ
2/10/1943,000889328,bcorthes1q@psu.edu,,,566-703-4714,,,wmacy1q,Trf9fmzl9hY2
6/24/1945,684356661,mseeks1r@phoca.cz,,229-964-9736,,,,eozintsev1r,bR4pqadVi
11/8/1968,527197988,arigge1s@altervista.org,,,,,,bdobbin1s,O23VIyAH8ngg
9/2/1934,994977135,aochterlony1t@gravatar.com,,,,,,gblissett1t,IYAbNr1Ev
3/8/1921,466249904,lmarrows1u@posterous.com,,,,,,sjarman1u,vp5C7FOxf
4/3/1993,323717556,ahance1v@typepad.com,,821-907-5669,,,,tmeffen1v,AFzUbwlver
1/30/1981,305211543,cyair1w@yandex.ru,,428-656-6541,550-865-0929,,,cquince1w,9XWldm
5/23/1979,036443597,cgrier1x@jigsy.com,Celka,,,,,cchallace1x,V9ZgGa5vUJO
6/26/1982,244258675,bscouse1y@1und1.de,,,,,,lstanislaw1y,qVXdsZpzSPlc
10/7/1937,346589843,bgockeler1z@usda.gov,Butch,,141-211-4088,,,breaney1z,Jk2VsD
4/24/1962,907081684,mbucksey20@wiley.com,,729-703-0226,462-472-9708,,,afaussett20,F8CEWURju
5/25/1911,944316741,fchidgey21@devhub.com,,665-892-6167,,621-139-1342,681-223-2557,rpadwick21,R3eP19u
11/17/1964,105028079,ahaney22@ameblo.jp,,,,,,agyles22,lzEFmHqhvP
12/14/1971,340638753,rgrennan23@hubpages.com,,449-979-4967,,,,amccrie23,jq23Brp
4/10/1955,585630184,ttyne24@census.gov,,761-647-0255,,,,sbarkess24,eoVJs7
12/30/1975,704741340,gramsier25@usa.gov,,982-304-5401,,,,cperrat25,7VaPvYaI
11/25/1980,524525792,bault26@bandcamp.com,Brier,305-926-6050,,,,byankov26,ESa7y4HsK32L
4/28/1910,376019312,snixon27@wordpress.com,Stefan,,284-672-3383,,,sfroude27,mNtHJQ1ynHBJ
2/17/1936,826846814,mcawthera28@comcast.net,,,,,,jwalework28,QW0ftBFIGCy
11/12/1922,136940919,gnovotna29@indiatimes.com,,,,,,cpoleykett29,ZzQffotuj1Bn
11/8/1952,024344945,,,,,,,ecopyn2a,iRtGTnrs
8/5/1936,714248830,aianson2b@xing.com,Aubrey,,687-663-5194,,,afew2b,hYwvbjDU74P3
4/21/1946,918153837,rdanter2c@imgur.com,,,770-863-8451,,,hobradden2c,KXL6sa
2/21/1964,500529872,wgogan2d@intel.com,,528-331-8014,666-296-4380,,,motierney2d,L5jy5SDPee
11/21/1945,308355944,,,103-160-7313,813-682-2423,,,sdossettor2e,wyh48V96dD9
10/29/1945,104411805,abunney2f@techcrunch.com,,,,,,kbasso2f,CS7VH7q0XV0q
2/27/1953,928729964,eyeardsley2g@house.gov,,,450-631-0041,,,dvagg2g,xYfEcigYEVR
11/21/1989,365625156,,,150-828-2192,,,,tfouracre2h,4ZbQS9N77a
5/1/1993,655383646,smanssuer2i@google.it,,,,,,mlaye2i,Nou7Fde0
11/22/1980,497707709,,Clarabelle,,,,,cpincott2j,72lx8aM0K
4/30/1987,600497518,cjustham2k@netlog.com,,,,,,kbravery2k,HXQYrI
10/19/1984,372702310,htarbert2l@oaic.gov.au,,,940-930-5767,,,jmcpike2l,H9eQaZTRGAy
12/1/1911,056524836,dthake2m@cloudflare.com,Delila,,,,,doddey2m,h9FPx9mh7N
3/27/1918,224656902,icosgreave2n@w3.org,,,,,,jrussam2n,mFeQWfV
2/23/1933,441575228,cpoulgreen2o@storify.com,,,,,,lfyers2o,GMsNHRGcU
8/7/1917,951607937,cmonroe2p@stumbleupon.com,Cullen,733-968-9755,,,,cfawkes2p,MlC36RlALxe
4/30/1928,402739261,chyrons2q@scribd.com,Claudio,959-622-7217,,,,cderby2q,RAjEoFLlJXPo
2/15/1920,341846976,scrippes2r@reverbnation.com,Salvidor,770-361-6884,383-953-6259,,,sandriessen2r,ZiinwgqX
2/1/1953,074815299,bwillmetts2s@list-manage.com,Bari,,,,,bberth2s,jWTQP6KTFH
3/21/1921,822011703,redinburgh2t@paginegialle.it,,420-254-3235,912-774-1029,,,tpisco2t,Gdv5RqcT
10/26/1945,775957063,hjonke2u@harvard.edu,Hana,784-330-6861,,,,hamaya2u,nDf0JegRLxX
4/21/1968,831212604,iblade2v@eventbrite.com,,,,,,lhuyge2v,N429BShHDp7E
6/2/1971,008611628,slawtie2w@si.edu,,,,,,hcollimore2w,9dNGkMeKN
9/11/1949,788811411,oinger2x@godaddy.com,,,902-353-3058,,,ahastie2x,BhGktr7v
2/13/1912,600835342,mbridgstock2y@ted.com,,775-757-9772,,,612-841-2637,fbengefield2y,CcTC2kZ
11/9/1990,565538645,idantuoni2z@storify.com,,,,,,mbennet2z,666Jc6v
1/23/1933,665276905,bwathey30@ask.com,,,,,,bleteurtre30,aaCnFj7H
9/3/1911,790530409,tstreetfield31@baidu.com,,,,,,odepietri31,YncjqzEer
3/27/1986,467654817,jmoriarty32@barnesandnoble.com,Joceline,,,,,jgarfoot32,V4fztgZG
5/1/1955,006448296,lboakes33@home.pl,,690-235-4354,,,,dedensor33,ymAB6WYhd6MA
10/11/1929,806920271,asmallpeice34@gov.uk,,438-739-1767,,,,cdemoreno34,D2fC3ZlL50E
7/19/1937,657367843,hstannering35@wufoo.com,,,,,,fewbach35,Tands85aP
9/15/1974,998487321,theggadon36@economist.com,,893-629-5111,288-985-4869,,,akhristoforov36,xLd78jwm4
8/27/1937,743595927,bhawe37@tripadvisor.com,,,,149-155-7521,779-224-7935,wcatlin37,JAPpEyX
4/25/1929,309169576,scohane38@homestead.com,,,,,,ctassell38,i9PJRd
7/27/1918,063870102,scauthra39@trellian.com,,,,,,zweerdenburg39,1GlSkQO
10/22/1941,885314247,tballingal3a@home.pl,,,470-466-3843,,951-858-2610,wfowles3a,drZhruTyv
12/11/1935,124487294,,,,,966-284-9224,,cterrelly3b,mtbvmQv2
6/11/1985,758919106,jtingcomb3c@cbc.ca,,,,,,jdudin3c,4Z2Nc3P
5/15/1987,356367197,hlopes3d@joomla.org,,897-702-1553,529-369-6886,,,smcfade3d,3960HorQ3W
7/8/1928,299030044,amansuer3e@123-reg.co.uk,,938-384-3830,,,,ldumke3e,sc751YZOuZy
2/29/1920,022653625,lsheppard3f@foxnews.com,,864-354-1866,620-644-7486,,,dhookes3f,dHI94GKtLhgI
8/11/1944,124354385,jmicah3g@fastcompany.com,,,951-449-2036,,,cfenty3g,WiosDMV4
6/19/1981,741007148,lmacentee3h@cbsnews.com,,949-202-0669,,,,srustidge3h,YyWZ1XhFij0
4/26/1918,645392487,mlaraway3i@wikimedia.org,,,,,,poultram3i,XxmwIrfKPzu
1/31/1944,121161847,lnaylor3j@nsw.gov.au,,,,,,lbruckenthal3j,um4eNMqkf
9/23/1945,690609262,fbende3k@storify.com,,,,,,dgemmell3k,3iUxtV
10/7/1951,215235444,jthatcham3l@stumbleupon.com,,397-371-5018,,,850-676-3657,jlengthorn3l,EMdtpeZCIYL6
12/8/1919,631828222,rhymor3m@xing.com,,,,,,bgenese3m,sa0FIILJ
1/25/1945,448144132,sdunbobin3n@acquirethisname.com,,,,,,ebeattie3n,dVLbEV3U3Ep
9/11/1958,402549350,olissaman3o@netscape.com,,,,,,vmadrell3o,8Kfrv3QnT0s
6/8/1955,824597923,mstraine3p@nih.gov,,,267-779-7412,,,lpounds3p,sW7QHU
7/24/1914,512905228,msalvadori3q@thetimes.co.uk,,878-187-6477,,,,kbenedetti3q,unH7K9
7/10/1911,558992556,,,853-316-1455,,,,kshowers3r,XzMz4VUz
11/19/1917,582148338,jcypler3s@virginia.edu,Judye,475-404-8131,263-529-2626,,,jkintzel3s,RHIlfUJlKHSv
4/8/1981,736520854,smcgeachy3t@weebly.com,Shay,,,,,sjennrich3t,0HKhiVnRc4m7
9/15/1973,320382652,bolone3u@earthlink.net,,346-126-4715,,,,escutchings3u,yfgHyL
9/24/1932,624594413,dwhitcomb3v@blogs.com,,857-954-5151,,,,agrindley3v,nKlmZwhWy4
6/30/1917,063799403,,,,,525-173-0014,,csalaman3w,F8cR7mvNn27T
3/4/1965,940246275,afydoe3x@wikipedia.org,,155-749-5523,,,,afidoe3x,BMENB00VfH
11/4/1924,356285125,wsoles3y@geocities.com,,860-957-2574,,,,dhazeldene3y,5W3R61z3at
6/14/1954,562945943,bboatwright3z@uol.com.br,Barnett,697-205-7187,,,156-929-6833,bvarga3z,7kiAWr
11/4/1927,963604913,dgothliff40@livejournal.com,Dar,629-992-0104,,,,dbartlet40,GkQphMpDG
2/28/1972,375324724,cpattlel41@oakley.com,,,,925-361-4377,665-910-8002,melsop41,JNFtr54UWs
5/4/1960,931406133,ccowlard42@cnet.com,,,,,,gaddington42,RTxcgwL7
9/19/1933,121893640,jtoffanelli43@accuweather.com,,,343-447-8326,,,wgiabucci43,H4T0DC8OWwC
7/30/1950,569294330,okeitch44@businessweek.com,,,,,,vberr44,uJF5U6o
6/28/1980,702685963,bcollar45@smh.com.au,,286-596-5716,,,,hspurgeon45,7TtNk6mPQ
3/25/1983,133651694,hbeavon46@nps.gov,,364-802-6592,,,,jstainfield46,21eNtZ
8/23/1979,739161182,amansfield47@wikimedia.org,,,102-518-4907,,,ehaggerty47,ju5vStTc7EYQ
4/10/1957,109484799,,,398-566-5227,,205-824-4176,,ddigle48,gP3h1F
5/6/1930,995358245,tblumson49@delicious.com,,,,,,ldougan49,xnqr2HgkbuTF
2/16/1936,445766861,asarney4a@yahoo.com,,103-891-9069,,,107-720-9105,dmouse4a,lObIhBECrI
2/19/1934,248220135,,,587-917-7076,,,,mdockerty4b,TPQc0jqJ0
6/3/1979,299763668,,,,487-556-2590,,,vferrige4c,LLWTTG
10/28/1940,193667797,jtoombs4d@google.ca,Jorey,,,,,jburbudge4d,1ygDjNYKb
1/15/1963,083034114,mriggulsford4e@quantcast.com,,,955-722-2201,,627-519-6482,ilichtfoth4e,wbB6QwrdNv
6/8/1910,485801097,,,830-332-5790,294-290-0352,,,tgjerde4f,NUnvSqZYsUP
8/2/1931,313811652,ebielby4g@economist.com,,548-636-3650,639-834-9331,,,kgaunter4g,CoRU9sloCJ
8/6/1954,187420821,aduffin4h@forbes.com,,,,,,lvampouille4h,UqLmBnR
7/23/1947,502657039,khaig4i@google.cn,,,178-659-2956,,,sfrenzl4i,KzeBRZUPf1GS
12/16/1916,997069949,aabsolom4j@jiathis.com,,,,,,dgodsell4j,eJkXKJZ1Ur
8/18/1946,654551007,lmaultby4k@nhs.uk,Levy,,,,,lchung4k,dcOj0Qbb
11/11/1910,120741736,kloos4l@sciencedaily.com,,725-740-7949,,,,lborrow4l,5KjimSF
4/2/1928,659935328,cuff4m@youku.com,,947-327-7961,,,,ghiddy4m,M0g7A3
12/18/1951,882299175,kbroschek4n@china.com.cn,,,,,,tmichelin4n,WhlUmZL38se
4/10/1960,498949812,,,,,,,cwillingale4o,MFv2bod
8/1/1911,214235953,ntabard4p@loc.gov,Nikolaos,,663-542-9555,,,nbrine4p,ASmp5M
1/23/1954,045154245,ybaccup4q@microsoft.com,,317-673-7724,,,,ckimbly4q,UGxgyXYx
8/19/1984,721606823,,,,,606-389-0682,,ehabbes4r,xi0utn14
7/13/1927,928315010,whaydon4s@mtv.com,,,350-760-3183,,,gsandercroft4s,VL07aDJ
3/24/1994,645875857,nskeats4t@furl.net,Nicol,937-307-7567,,,,naubry4t,gS79hngDe
6/22/1927,428709082,twhipple4u@desdev.cn,,,,,,awigelsworth4u,aNB93Zea
11/13/1974,800916617,,,335-752-8575,,,,gbraemer4v,G2aHXAwB
8/22/1946,223564331,cmargett4w@slate.com,,839-210-7539,,,,lradleigh4w,Utrvr6f7zyup
11/5/1937,640375213,hgoricke4x@shop-pro.jp,,259-575-3272,,,,gwealleans4x,cZJHG8H0aT
3/31/1930,776186674,pmccreery4y@cnbc.com,,,,,,omaud4y,VaVa6r
1/16/1936,959232790,fmatussevich4z@domainmarket.com,,,,,,ccrutcher4z,Ya32la
10/21/1945,343828620,mrillatt50@marriott.com,,,289-518-7259,,,hburnham50,O2flgqRv
1/17/1942,385404216,estonary51@google.it,Elna,,702-836-3900,,,einch51,eS3MCFo8b5o
12/7/1953,282353396,cbolton52@boston.com,,219-956-0599,316-549-8387,,,cbaynham52,wKxRYg
7/10/1974,761499598,matger53@paypal.com,,878-362-4647,726-322-3766,,,esandcroft53,xhGOJMejY
6/28/1951,223187000,cturpin54@issuu.com,,,,,,gtrulocke54,F1nIqhHg5S
5/20/1977,494263926,lmcdyer55@naver.com,,868-729-8408,,158-934-2865,,daberchirder55,kR0wYF3O
7/3/1955,042168389,msisse56@mozilla.com,,311-687-3839,,303-998-6614,,bhuddlestone56,s54bzFeB5RU
1/4/1918,067464922,ktalbot57@quantcast.com,,831-310-8629,,317-555-7877,,jgiroldo57,eYG0ZnOfK2Ln
12/1/1930,565056611,jormston58@angelfire.com,,132-518-4549,901-711-6479,,,rlate58,LYJpB5C51q
4/8/1951,481875495,abolden59@walmart.com,Abrahan,106-848-0056,,,,akroll59,MxI0ZCWv
3/25/1994,736367874,,Conant,,,,,celce5a,kfDiaLj
4/15/1912,777330698,ttippetts5b@tiny.cc,,,,,,ddoolan5b,hq7ew85ApT2
6/12/1988,890796584,taskwith5c@reverbnation.com,,,539-535-5159,277-599-0907,,mmackilroe5c,EP1hUSm5y
8/28/1924,391367725,bmckearnen5d@4shared.com,,,,,,ikoene5d,ajVlM54
7/31/1949,262428989,ngrivori5e@gnu.org,,,538-943-5644,,,ucolten5e,TD5MYrPC
3/21/1934,811909515,erozier5f@opera.com,,,691-219-8158,,,hmartell5f,F6Z1fIEZdOa
7/25/1987,063286414,jbeeston5g@de.vu,,,693-819-2333,,,idilrew5g,GZ0avBe46O
1/30/1922,315609658,rnelius5h@bluehost.com,,,,,,kcaughan5h,6MfUZbEsBR
12/23/1916,831822457,lmaleham5i@wisc.edu,,,972-384-9722,894-247-2782,,lmcgonnell5i,GO89eyLA6
4/25/1988,085734540,kpenright5j@tiny.cc,Kristoffer,,,,541-119-8405,kprevost5j,skIUMQsPr
10/5/1970,659998907,srantoul5k@spiegel.de,,464-794-5073,,,,mpedrol5k,0v1BNle
2/14/1933,892962016,cbage5l@ed.gov,Clerc,776-174-9458,228-909-1048,,,clindeman5l,NgOX3W
4/21/1977,155927548,lblucher5m@goodreads.com,,207-210-0610,,307-448-4781,,rharrington5m,g7LoAKn6M
8/26/1911,819093031,cslimmon5n@mozilla.com,,,,,,cgippes5n,8MxVeGM9E
11/11/1969,710773774,rvasilenko5o@unesco.org,Reinhold,964-135-7001,,,207-137-5497,rgoady5o,Fxe6I74iW7
1/4/1969,872917559,nhandke5p@phoca.cz,,,,,,nkelsall5p,gDZnxLt8sU8
4/3/1956,925657064,mstowers5q@dyndns.org,,,,,,bebbage5q,1Bm6770h1OGP
12/19/1991,380445124,ocaddan5r@mlb.com,,,,,,mharken5r,dtuFSVZ4yxcZ
5/12/1939,658068091,aclevely5s@purevolume.com,Adriane,712-197-0633,,,,asthill5s,OXYIuL
2/22/1933,896867827,,,,,,,aredshaw5t,XxhnKO92
4/1/1934,268745694,,Massimiliano,875-675-7510,,,,mkelberman5u,95ryBulY3i
11/21/1934,217767032,lohlsen5v@hc360.com,Lonee,,352-898-6609,,,lsimion5v,Bu9MyE2
11/10/1931,088876652,ielsmere5w@com.com,Iorgo,,367-930-3244,,,ievanson5w,mdhV2FMNh5k5
6/27/1939,046693535,zwoodruff5x@homestead.com,,957-750-8705,,,,npullman5x,YXxs4J1dr0r
11/21/1973,095248013,mpawlett5y@artisteer.com,,298-724-9050,,,,lbrodeau5y,QCQ8XNWO
5/14/1992,672850359,cpruvost5z@blinklist.com,,,,737-796-3412,,ksilliman5z,7fHYjY
6/11/1954,187288954,kkinge60@multiply.com,Kincaid,,,,,kchastan60,zDvjcfqf3sa
7/7/1979,158887383,dlearie61@cam.ac.uk,,322-157-4643,,,,pangliss61,AjVh15
12/6/1955,617427386,cshelsher62@ucoz.ru,Cecil,284-825-7797,,,,csilburn62,QAE6zLwvEDQ
5/18/1944,495445169,pcorsor63@bizjournals.com,,,,,,wdedomenico63,HpdY5R8Axnef
5/8/1982,542841691,ekuhn64@i2i.jp,,987-964-1578,824-795-2584,,,jgodball64,xj4xW5E5uw75
2/17/1911,993835955,kkeiley65@marriott.com,,,152-613-5772,,,rcuruclis65,6FRlqSw8
8/31/1927,363938658,bantonutti66@behance.net,,,,,,jbeeze66,YqyDLAvMG1
7/3/1962,042717263,pgietz67@who.int,,,531-465-0964,,,lcardoo67,UCn7GYq3
8/8/1926,811441681,oastman68@census.gov,,,791-939-1021,,,mkupker68,VXpyw3Or4b
8/27/1910,931665893,tedler69@washington.edu,,337-948-9386,,,,ateresa69,aishBO
2/29/1936,572932214,bcregg6a@elpais.com,,873-617-4859,459-575-1335,,,wtuhy6a,bi91HhB
1/6/1994,504373708,wmettetal6b@theatlantic.com,,,509-594-4036,,,rboullen6b,cynTPJ
10/15/1928,581896664,ptrevorrow6c@moonfruit.com,,408-288-5922,195-852-3543,,,bmclaughlan6c,S3LTQpD
1/6/1959,578704524,lmckibben6d@google.de,,,,,,ktrusler6d,I2B2Gj0pEpZi
9/24/1955,186813216,cthaxter6e@reference.com,,,,,,sgroarty6e,NwUn6kgVVKM0
5/14/1975,549425319,tmailes6f@vistaprint.com,,,,625-821-3530,,rkynvin6f,arEyTEZODfaf
6/16/1984,216729668,pstanion6g@cbslocal.com,,302-582-1615,137-180-7906,,,epimblett6g,89qahnmQWynF
11/20/1979,407145778,flarratt6h@twitter.com,Franky,,324-867-3897,,,fstienham6h,Am2VKhFIwX
3/25/1928,682642928,espeller6i@ifeng.com,,,985-710-3003,,,gvasyukhnov6i,8Ws1leb
10/13/1957,192741156,avarley6j@ibm.com,,944-110-4004,,,,gstonier6j,T4ye52jmBPsg
1/7/1972,745836922,dlundbech6k@hugedomains.com,,,,,,aeykel6k,kUatuIFx
12/2/1965,153348580,dallmen6l@squarespace.com,,534-807-0894,,,,hhutchinson6l,l6Ttz1AHVPVy
7/27/1962,309676775,hjenteau6m@ebay.co.uk,,580-706-3806,,706-494-0631,,aquartermaine6m,1fB0nYWgBjk5
5/27/1962,767397672,gantao6n@ustream.tv,,657-835-9861,,,,lhamm6n,RLXaenAx8
8/14/1959,762105956,mgodmar6o@ebay.com,,641-775-8498,,,,bdmiterko6o,Uf2DNL7g5Y2r
5/29/1944,662306720,bbrooker6p@omniture.com,,,,,,amaccracken6p,TAmFQOB3Qv5
4/4/1938,994252046,mleggan6q@china.com.cn,,,,,,ccaseborne6q,vWcUrd75cS
7/1/1979,749310693,rlangdridge6r@mail.ru,,,,,,glongforth6r,BwU9gxQ3gE3l
2/12/1933,362943753,,,383-679-8502,,,,ibogue6s,6yzPL1EzUhu
1/12/1966,307433714,scrosfeld6t@buzzfeed.com,,721-886-8222,,,,fpiola6t,Mgn7AY
1/29/1971,980277980,cruffey6u@unesco.org,,,,,,lrizzini6u,CGpjW4Q
11/6/1980,546983854,kdeekes6v@dmoz.org,,,,,,pcaff6v,qkLT8Pr
12/1/1976,015739179,acabell6w@prweb.com,,739-686-2353,,,,bscreach6w,53RyKuG
12/18/1973,974488399,cleate6x@goo.gl,Colver,,,,,cghiron6x,AbYTHA29rH
8/29/1929,157148219,vmcgarry6y@omniture.com,,991-901-2273,,804-589-3500,407-229-6001,bnenci6y,BUA8jlVw
1/30/1964,008045475,dkennewell6z@scribd.com,,,,,,rlevick6z,FITV7RHxOJ
5/29/1953,988945463,gzieme70@mlb.com,,,,,,blewnden70,N7gyiYuIFbDo
9/15/1954,791681689,hfury71@usda.gov,Hannah,,,,332-830-8262,hgrushin71,4FClXjkB
6/6/1989,831248764,cmcruvie72@nydailynews.com,,,728-206-1015,,,sdanilevich72,kbasSU
1/21/1939,097307692,cbartels73@desdev.cn,Cchaddie,,,,,cdranfield73,AudVyMW4PMe
6/6/1931,942303427,tjanuary74@biblegateway.com,Thorny,,,,,tdunrige74,BMZEac
3/10/1995,420589026,awyre75@dyndns.org,,,,,,mkeddy75,D7YNVLuXDNnB
12/11/1961,076125139,dmacura76@imageshack.us,Dinah,617-178-2755,395-660-9600,,,dwilde76,goer2X8DMvIq
6/2/1970,072535668,dburgis77@msn.com,Delphinia,,409-272-9736,,,dhinrichs77,ZarLOVAFjg
8/15/1928,970112740,knoads78@illinois.edu,Kirsteni,391-353-4662,,,,kpostians78,igN6KjA
8/13/1964,008679612,adegregoli79@archive.org,,259-994-4447,899-418-4446,,,hpeplaw79,MhI2HWSnBTwN
12/13/1939,299481923,,,608-505-0734,,,,lcanner7a,Mho35tPRi
11/5/1910,749957005,cbroz7b@digg.com,Claire,,890-960-2835,,,cfarnan7b,jMUhwVZnkfk
2/18/1969,075479355,asaph7c@alexa.com,,,849-290-2347,,,kpetofi7c,VflhzrYig
10/28/1918,629606887,lohartagan7d@imdb.com,Ludvig,791-550-7139,376-657-2078,,,ldepaoli7d,B0Ab4T1
12/2/1950,760411770,ptirrell7e@bizjournals.com,,,,,,gflippen7e,e1rrnx0i8ecJ
6/28/1954,215280222,ebound7f@wisc.edu,,834-715-9038,726-750-1840,,,fshapland7f,vZBqpoVLk
12/24/1963,173517931,idespenser7g@ed.gov,Ivan,,991-313-8073,956-258-5077,903-171-1708,imassey7g,wflG1trI5C
5/9/1945,435817991,rrobarts7h@ameblo.jp,,871-719-5999,218-853-9241,,,jgermaine7h,8JYBoMcCGl
11/19/1931,052985754,aparoni7i@comsenz.com,Aubree,393-501-7322,228-493-7527,,,awilsher7i,AY5JjwrRmEWt
9/12/1915,418981467,fcarwithen7j@clickbank.net,,456-328-3239,,,,calvarez7j,rrqHT2
5/9/1947,390865303,pharold7k@hostgator.com,Philipa,,,,,pswaby7k,K9ASNI7
4/20/1959,175892942,lpraill7l@hhs.gov,,,,,,vpoyzer7l,lj5vn9VtwJ
8/11/1971,266140538,kdorey7m@netvibes.com,,844-644-2579,818-195-5175,,,rgaley7m,ysjMtBkF5w
9/18/1929,053280245,hlarcher7n@symantec.com,,127-920-6219,,,,hsmurfit7n,HewvtopG
4/25/1964,611317548,palcalde7o@mediafire.com,Pauli,729-850-7571,,,,pdobell7o,DUbVEMLh
8/31/1927,758618260,,,,759-131-5253,,,psissot7p,6z1iY01zRC
7/9/1965,285618644,srubee7q@wordpress.com,Sigvard,,,,,salyoshin7q,JgfIu70rYURf
12/18/1927,374433799,,,,,,,btuma7r,es2GbBJDC
9/25/1944,021272189,wuccelli7s@opera.com,,191-745-0322,,,,vellse7s,ZOOpJhLG819X
3/5/1940,474163669,csauvain7t@deviantart.com,,299-414-3665,,393-317-0273,,epilfold7t,3GPaPwM
6/25/1940,645423721,rcoltart7u@usnews.com,,875-492-5905,826-210-2927,,,mareles7u,skWa4ER
11/21/1921,298313452,adarragh7v@slate.com,,,,,,dfochs7v,szRdE53MfgN
6/11/1959,803505210,ahasty7w@instagram.com,Adelle,,,,,agurnell7w,Ut3amMcpJh
7/16/1984,893398742,ematura7x@lycos.com,,,,,,nfoston7x,B8Z2tCrO77CW
5/11/1988,288023248,fduchasteau7y@columbia.edu,,,154-924-3342,,,umcvittie7y,wJnqUIDkAXH4
9/19/1969,306664225,hpestor7z@un.org,,,,975-276-6185,,cannell7z,j5Z461o87
5/9/1913,140931523,tfeaster80@tamu.edu,,,426-756-8552,,267-314-6717,tsmaridge80,s0maT3h
12/2/1962,581349466,alawty81@google.es,,,,,,dvanvelde81,ke7ejZSbAsh
3/9/1955,604948997,vfreebury82@ameblo.jp,,275-488-3054,,,,kjiruch82,Fhj95KXy1sI
1/18/1955,960001433,dvasichev83@foxnews.com,,797-400-0444,,,,mbentson83,UTi8CG7m
3/1/1957,615736225,amacgiollapheadair84@un.org,Ase,,,,,amckellen84,oP2Jwjlo
9/29/1928,038117668,dmoroney85@chicagotribune.com,,,,,,tmeaders85,HuO5D0Ae5rX
1/15/1964,044753531,aspurriar86@tripadvisor.com,,369-605-4733,510-650-8686,,,rfelgate86,XIuIuAk
5/14/1919,763782379,robert87@flickr.com,,708-637-5864,,,,spothergill87,mHgmmo11
10/19/1922,557627057,mallan88@wisc.edu,,,,,,aallcock88,Nm1kx4gD0
12/19/1949,081158194,ndobbson89@ucla.edu,,439-607-0450,,,,zcrowcher89,DW8Z6g9B
3/19/1926,546274224,cdilley8a@youtu.be,,,,,,aswanne8a,ovX5eqrA
3/17/1974,440981497,tpapworth8b@squidoo.com,,,,,,gloachhead8b,5XFMqRUe
7/3/1926,844122419,,Cortney,755-794-1087,,432-719-7735,,crenshell8c,zmofClERCoxC
7/19/1992,839543537,bbudding8d@xinhuanet.com,,,,103-158-0237,683-278-0045,jebbage8d,GshpRIbwV
1/13/1968,621014903,dcree8e@statcounter.com,Devlin,720-452-9034,,,,dgoodricke8e,BPreFu
7/29/1978,519134571,ynussen8f@toplist.cz,Yank,,881-612-7520,,,ylutwyche8f,sjwUBoSXZd
11/4/1910,953536242,fponting8g@amazon.co.jp,Faber,470-942-2802,873-526-4510,,,fseton8g,hELRtt
7/23/1993,970829359,gscuffham8h@multiply.com,,838-636-5922,,941-713-6922,,fwithers8h,JxCEZfM12i4
7/31/1987,019369700,,,,,,,tjeroch8i,O5ar872dcWp
3/4/1976,900642486,cjaquiss8j@mozilla.org,,,664-146-5165,,,acarstairs8j,iyYnmFwz
1/26/1923,165222173,zbelison8k@hibu.com,,300-605-1965,,,,dhannay8k,xAAPKHIc
9/22/1933,811356863,alucks8l@miitbeian.gov.cn,,185-645-9681,,,707-392-7933,hloughman8l,9SjA1ZR6i6z6
1/8/1984,117770651,lisac8m@fotki.com,,985-231-2368,169-347-7468,,,abelvin8m,SLopM8sCBfQi
6/27/1915,863899791,cbottinelli8n@blogspot.com,Clive,,,,,cmcneish8n,gvEcZi
11/13/1987,050521200,obraunston8o@craigslist.org,Odille,,,,,oramm8o,q6Dava9
9/24/1917,004636542,csudran8p@sun.com,Cosette,975-448-9000,,,,credemile8p,cLrV8TXzm
1/2/1927,850214517,sjeffry8q@un.org,,,380-929-9767,,,jgummory8q,JcdwGF
12/20/1923,688325699,yhovenden8r@bbb.org,,965-566-1229,,,,rlarver8r,g25uIpYz7
3/9/1939,682133285,ghaseman8s@yellowpages.com,,,925-679-9183,191-295-4651,,dwilcot8s,ZzJoummqpan
3/6/1919,231784790,mchatel8t@yellowbook.com,,819-407-0190,416-669-3979,,,gcalderon8t,oe1HpkfjZ4
7/8/1963,646281430,hturbayne8u@yahoo.co.jp,Hymie,615-160-3214,,,,hbrowning8u,gMCxmRztp
5/25/1947,619929635,ibrydson8v@msu.edu,Ingeberg,,,222-529-0603,,ihabin8v,GdsoKRV
7/13/1968,621388498,gweller8w@ucla.edu,,,105-887-7810,,,mcridlon8w,wfOqx2
2/12/1984,161637847,smee8x@discuz.net,,640-782-8267,274-275-5889,,,apebworth8x,lUYXU2M0Aq
1/27/1993,701738320,jburehill8y@netvibes.com,Jeana,,,652-614-1857,,jlydster8y,vLuZTyr85x
3/16/1918,185517247,,Eileen,677-240-5303,955-863-6613,,,etomaszkiewicz8z,IqoYi8
7/5/1940,318304931,,,957-469-8701,145-653-0981,596-495-3477,,hstrippel90,2wgT3K
9/27/1929,409715673,kdurbann91@hexun.com,,,,,,ssparhawk91,UCKdoqTGA
2/3/1918,037792513,mhegdonne92@nsw.gov.au,,,108-304-8489,,,ckibbel92,Yh4HtVlr6jL
3/22/1993,088287736,ayurikov93@princeton.edu,,,,794-823-8800,,gmyrick93,7pKOo0Y2F6CW
2/1/1949,810625600,blavallie94@spotify.com,,,,,,nlindman94,IGj3pb7Kc7
9/17/1979,324640859,gharkin95@wsj.com,,,,,,autton95,UOXaYXD
8/4/1937,216330431,nhawkyens96@prlog.org,,,876-298-8941,,,hpropper96,kBQpBEm5I9tL
11/28/1933,471317297,ctiffany97@abc.net.au,,,,,,hdewhirst97,l9RGb65ylYt
3/6/1918,310715307,kchewter98@mlb.com,,263-492-0731,,,,sshottin98,kT2VVtZSql01
3/17/1940,609944756,,Joe,,,,,jdenziloe99,krdm1shMXuk
2/2/1955,460601689,bghirardi9a@mozilla.com,,450-714-6407,,,,dyakovliv9a,S29HeGx
12/9/1988,953141991,rbesson9b@diigo.com,,280-994-1245,,,,mannetts9b,nyob8Ix
2/8/1915,263067009,rhumerstone9c@blogs.com,Rhodie,,,,,rpaintain9c,cYqagMl4
7/2/1961,552727142,lleynham9d@posterous.com,,380-560-3841,524-318-2376,,,tdurban9d,w8aPmocv
4/9/1971,709038148,npietesch9e@cisco.com,,,,,,gconnett9e,V8u8ltiPD
9/18/1959,428088052,hsydenham9f@ihg.com,,,,,,csarsfield9f,PYSfG0T
6/1/1990,522172277,iboot9g@digg.com,,678-751-6023,,,,eknoller9g,QS2wM8ow2
7/12/1951,710117027,pmcgeachey9h@wp.com,,611-700-3930,,,,ddedney9h,B0IeA4q4
8/10/1943,475155988,sawton9i@forbes.com,,729-684-1266,,,,alingner9i,Pqc3m4kGq0I
5/15/1950,025004820,bjaan9j@tinyurl.com,,,,,,nmccuthais9j,RbxvRpqnTVM
10/21/1917,685155250,smcmorran9k@wsj.com,,,,,,mmurrhardt9k,w9cK8rTc0
10/6/1917,313794579,cherculson9l@a8.net,,123-368-1580,768-280-2474,202-692-4840,611-867-8900,bstendell9l,pVkMBXHpm
7/23/1994,218895000,,Philip,423-522-5075,,,,ptenant9m,TSAg0KBk
6/3/1918,267092408,eburles9n@issuu.com,Ethyl,768-368-6543,,,,ephoebe9n,i4FkN7j
1/13/1971,194296679,tdumbleton9o@oaic.gov.au,Tatum,,620-618-8500,,,teustice9o,sr4e8IJx
8/28/1915,415886342,pmcnish9p@discovery.com,,,,,,claxon9p,l0zMnxuR8s
5/24/1944,130220991,mbreeder9q@zimbio.com,,,,,,ececchi9q,CJavGHTB9rlf
6/27/1971,032399998,ibamforth9r@cnet.com,Ilysa,,,,,igiaomozzo9r,xXr3rTOj
3/8/1962,382502046,lambrodi9s@blogs.com,,231-849-6549,,,,dhowen9s,BjNDNOgGeQK
3/2/1985,121090652,gbroxis9t@ca.gov,,697-168-2839,,,,ealoway9t,8KQvMKl
2/19/1921,405176152,,,949-930-5603,,,,cquarless9u,h0SQzWsBH8q3
11/26/1914,631429621,marndell9v@fda.gov,,,,,,tblackbrough9v,1O7oSGlz7RZ
4/19/1931,290301854,,Rollins,497-904-7547,380-640-8734,,,ragglio9w,LifGyIN
3/25/1970,073768660,bjanouch9x@dailymotion.com,,,623-683-7416,,,bbarens9x,q4eamrs
8/21/1964,720284208,cthorius9y@sciencedaily.com,Chastity,324-859-0028,,,404-991-4582,cmully9y,Zy9K77emCFZ
9/8/1960,376343879,cmcreynold9z@blinklist.com,Cobby,261-329-4560,682-471-8124,,,cgregg9z,NpGhieUq8pn
1/13/1913,966678683,nbeaumonta0@elegantthemes.com,Nichole,,377-706-6260,,,nwhertona0,UvBt8tE
10/16/1983,385688451,clakina1@theatlantic.com,,285-901-7106,,,960-547-3938,vnortunena1,cg5eOw7F
9/24/1974,208652533,lbohlinga2@youtube.com,Loralie,,685-713-8865,,,lganiforda2,bVzUcW8a
1/19/1942,351027324,droadknighta3@bandcamp.com,,414-779-2923,,,109-945-8599,gurrya3,Wxjv39
12/13/1919,469940305,sdanata4@arizona.edu,Sybil,,440-616-8021,,,scuniffea4,86OQiYa2b7
11/6/1913,164730692,dgebba5@nationalgeographic.com,,,,,,sfrankisha5,B2MJXt245nnR
11/1/1958,118328586,udolesa6@epa.gov,,,,,,kgyngella6,3pz2LsGT
3/6/1985,352541694,,,,148-537-8887,,,sjellybranda7,6Q7Of6nlGZ
12/30/1978,651147667,mcomporta8@senate.gov,,,,,,ieddiea8,Q2Qnzi
3/5/1923,572503089,efalconbridgea9@google.cn,,,,,,tthezea9,VW3q54YIv
12/14/1920,570430230,dofogartyaa@ebay.co.uk,,,990-996-3496,,,kjacopaa,gekhy8Xz02D
3/20/1912,313013170,nhatwellsab@themeforest.net,,681-512-6760,411-656-4013,,,tschiellab,T0tiEbORiNXU
8/5/1934,869094925,ntilbrookac@bigcartel.com,,,,511-812-5320,,tseviourac,rBgumMQzIyE8
9/1/1947,276257466,gtorrisiad@macromedia.com,,874-760-2484,759-350-4831,,,khansemannad,ZlLjWLFh
1/6/1935,528959478,cvennae@joomla.org,,,,,,sgilliseae,S8t6SS6gh
6/18/1954,307312244,ksutheranaf@state.tx.us,,,706-479-8565,,,kharleraf,a3aRibG2yoRK
7/8/1923,993056106,cgannag@opensource.org,,176-803-4803,,530-613-1266,,stownsleyag,6qVpHQ
1/19/1912,073689233,agorgerah@tripadvisor.com,Aurelea,,,,,arosieah,OAwIP2
11/6/1980,125277461,adimariaai@bbb.org,,355-565-1478,,959-600-7764,,jkellartai,3LEdQ3aeopHg
12/2/1930,340167437,,,794-660-6538,574-758-4392,,,acayetaj,UVuynEiXQ0
11/14/1966,047800836,kpilmoorak@vkontakte.ru,Kiel,,,,,kstiddardak,c8Uknonp8
3/20/1977,412106032,,,,418-221-4476,377-111-1705,,choutbyal,lsRnRw
12/11/1971,967333135,,Porter,,664-747-5798,610-146-9397,,pbruinsmaam,KxjTfu
5/27/1944,845799303,eherrievenan@google.co.uk,Ewen,,636-185-5740,,,elauan,P1tgrfktt
6/19/1982,388829380,bstlegerao@naver.com,,,259-459-1587,,,rhealdao,VPnxDEa7
6/6/1949,238615067,nhavockap@va.gov,,174-526-8884,,,,hgiocannoniap,zniKLp
4/24/1966,214485871,dmartinelliaq@mapy.cz,,881-367-6292,,,,nlinzeyaq,jXB98a
8/24/1947,338534607,npawellekar@vimeo.com,Niki,,622-432-7224,,,nluxar,8vWFmZ60bun
11/10/1993,157670944,wthornebarrowas@bizjournals.com,,,733-179-0487,,,dffoulkesas,4AjRz2Hkx9VX
1/27/1921,020743081,cwetherbyat@techcrunch.com,,877-218-8620,,,,rblatchfordat,ObOqWFF6x
9/14/1939,565557596,katackau@clickbank.net,Ker,,,,,kmallindineau,uzgHqM48zX
1/30/1923,979937455,serangeyav@g.co,,,,108-512-0089,,llockeryav,jsYpHzO
5/19/1927,352527791,sslinnaw@whitehouse.gov,,,,819-496-6407,,ivamplersaw,a02Cdn4lBn7g
6/9/1956,265082842,harnaudiax@icio.us,Hodge,229-140-8372,,,,hsodaax,PEwPxOOop9
11/14/1964,777388945,rheinay@facebook.com,,308-407-1346,,,,eshannahanay,M2sTXKS1NQJ
2/29/1984,185087583,,Torey,,530-568-2004,,,tpackeraz,89j5DE62
11/6/1924,688435150,,,,,,,rhessenthalerb0,CJ3gjtk
9/23/1929,254525339,kflowerdenb1@slate.com,Kamillah,,782-860-3560,,,kgeaterb1,s6O5yS4Qi
2/20/1972,653861718,kjanissonb2@github.com,,745-606-7297,933-786-6932,,,lkerrichb2,W95oUCSh
10/28/1911,869448266,,,,,,,mfavellb3,Jh9bGIsDQyF
1/23/1953,156186762,bfitzsymonsb4@tamu.edu,Baron,,,,,bemmisonb4,ZAxe82uOju
2/9/1955,992805778,eleneveb5@1und1.de,,,,,,dgassb5,h5KZraqj1
1/3/1958,085368454,dpallaskeb6@irs.gov,,,,,,bcleereb6,e493CE1yF
10/10/1961,997792088,fkleszinskib7@virginia.edu,,,,,,dcogzellb7,nFaYdpB7zZ
3/11/1911,890458640,aborrowmanb8@state.tx.us,Allissa,,,,438-144-2494,affrenchb8,gm5qRkFB2C6L
11/7/1964,856034496,jnilesb9@cisco.com,,417-356-5263,,,,cgorstb9,MCADQX2ZZ
7/2/1936,254685657,icowinba@seattletimes.com,,448-526-3264,,,,ncapesba,l7cjqq4cErt
8/16/1948,382587528,cwhiskerdbb@marketwatch.com,,461-294-5905,,,,nhenworthbb,ZAeZ7KYgbEOI
12/20/1975,254939033,,,,799-813-0018,196-503-3157,,ehendersonbc,ryJPECtKW
11/7/1933,963839746,nmckleodbd@naver.com,,560-347-3389,362-485-8776,,,gjolinbd,ahEAa4vPpT
1/4/1934,563754834,aornillosbe@jalbum.net,,618-433-9268,342-830-4912,,,bperegrinebe,o0QhjlP
7/8/1933,809675182,nbridgewaterbf@printfriendly.com,Nikolia,,,,,nsoutherdenbf,xnQwkzTDr
4/16/1954,530614603,hzuppabg@xinhuanet.com,Hilliary,239-820-9801,,,,hgibbebg,VCZx2bzMfEj3
2/27/1977,888033924,aothenbh@spiegel.de,Adrien,,,,,aleaveybh,n0qyTY
10/17/1983,062872617,hfishbi@t-online.de,,,,,,achrestienbi,QFl3GitBwn1q
11/1/1961,313564353,coakinfoldbj@zdnet.com,,,,,,dhuisonbj,EeuQxvKl3XUc
8/23/1978,386850851,mridsdellbk@archive.org,,,,,,kredfernebk,GCkhxp2c9
2/24/1983,407167334,tmaystonebl@unicef.org,,217-332-2989,,,,jharlebl,m0zR2PV6
8/29/1947,735741147,ukeablebm@wikispaces.com,,555-437-8885,741-861-6006,,,jtournerbm,luNhk3
6/6/1944,105475115,,Miguela,,,,,mbrosemanbn,ibQXHoM
6/23/1943,348901904,dbleibaumbo@cornell.edu,,357-356-6768,,,,vfozzardbo,JuORC3h
4/28/1972,461638914,zsighardbp@bandcamp.com,,,,,,mdeyesbp,2p2m6VDxIF6
3/9/1958,491615090,mkoububq@myspace.com,Marcia,,617-869-3143,,,mcossentinebq,rlhTAnfM2R
4/30/1930,180989644,,,,,,,cgawenbr,9AZahf
4/11/1971,063994304,wsanbrokebs@ask.com,,411-299-5202,164-628-1063,,,xcowsbybs,80r5fE
9/15/1916,016550935,obollisbt@archive.org,,213-700-8574,,,,sjustisbt,bahLNG
12/28/1980,259266545,rseawrightbu@tmall.com,,,,,,mphillinsbu,mEyO3KW
5/29/1979,955537324,imockettbv@intel.com,,986-827-1162,792-867-3396,,,mmattiazzobv,FWfgVL
11/9/1950,046297612,elyndonbw@qq.com,,353-599-9804,,,,qlappingbw,cuI4BxEyAcrq
8/19/1943,311029606,achampagnebx@cbslocal.com,,,,,,ghueybx,wmAaj1TNw
4/25/1924,224113229,bsinfieldby@google.co.uk,,348-126-9403,100-442-4387,,,nsladby,Lp9LopZn
1/11/1925,752024212,malthorpbz@devhub.com,Mattheus,,,298-520-8880,,mmusslewhitebz,IyJMH4Dz
6/24/1935,155287545,edelaceyc0@squidoo.com,,436-730-8358,,,,gbeavesc0,AKBpRyKyT
1/23/1950,621902396,mfernsc1@theguardian.com,,520-539-5404,,,,cfairbournec1,Ra8u6C
4/15/1967,541749119,jhallstonec2@hibu.com,,859-179-8672,,,,nmaygerc2,GODzlp4e1B
3/19/1957,121356875,,Candide,,,,,ctukesbyc3,V7ys6AZ
5/9/1963,775286541,lboarerc4@list-manage.com,,,,,,tcramptonc4,EYynKTavkWVk
12/31/1982,576048183,dbernadzkic5@usatoday.com,,,,,,avayroc5,pFD2yQmccrjF
3/9/1968,038723260,jahrendsenc6@ameblo.jp,,,124-259-7611,,,ainstonec6,23yWfTCwo
6/24/1923,948170465,pargentc7@aboutads.info,,691-632-7547,,,,fstorrockc7,ldcXHilDg
5/7/1937,296461765,mpavlenkovc8@infoseek.co.jp,,,942-903-4945,,,spautardc8,ovfenTtM
4/9/1990,180127520,,Annecorinne,469-947-0238,,,,abenadettec9,3gMQVHUjljDC
8/13/1911,591533764,lapfelca@opera.com,Lloyd,,227-594-0221,,,lsorca,QWKqS8rf
3/10/1980,457397405,ewillardcb@twitpic.com,,814-268-7168,,,,clocardcb,USzvSbIbxY5
5/28/1947,555178025,,Wandis,,,,,whurrellcc,Svy06awcjdWd
4/14/1934,701813993,wspencelayhcd@ycombinator.com,,,,,,wfercd,osQphcEm
7/22/1944,983097690,bstrothersce@constantcontact.com,,,167-797-8292,,,vdumbartonce,vygSNd
11/26/1936,197921846,sextercf@un.org,,531-646-6360,,,,mmacandreiscf,IYpESk88o
1/27/1967,545112534,lpearsoncg@foxnews.com,,372-511-0253,,,,wwartnabycg,XQt4XiP
9/30/1965,402273478,ehartoppch@dmoz.org,Emmaline,,642-903-1025,466-141-4764,,elinkinch,ETwwPQEq
12/1/1928,642106591,eferronelci@si.edu,Ernie,394-388-7755,,493-458-3788,,ekrojnci,p22YhAav
7/18/1963,463625607,rchaisecj@salon.com,Reidar,448-411-9860,,,,rfitzroycj,BKV66Ipy3OZ9
6/20/1962,869412844,mwabersichck@simplemachines.org,,,,,,jlasseterck,h9FyvbDnbQ
2/13/1982,865909294,sdamatocl@ebay.co.uk,,370-416-2541,,,,cstraniericl,RIVbpC
3/5/1989,013649875,amonshallcm@rediff.com,,980-858-7605,,,,klenthallcm,15GSkDQXaz
11/24/1911,273551911,ckidmancn@instagram.com,Carolina,,432-929-2950,,,ccovertcn,3BisSVuI7LpH
11/28/1912,436454859,nwemyssco@sakura.ne.jp,,,,,,dstirmanco,hBBsq32MeCgV
10/10/1914,303740922,cdyettcp@huffingtonpost.com,Colby,,,,,cjeanelcp,QsknErFbyc
10/22/1979,595127156,loneillcq@reuters.com,,,,,,nloynescq,tvY647b1zIE
8/22/1980,190533557,,,214-326-6759,625-383-0642,,,brobbecr,aF9iSnefrkDU
8/19/1986,140168996,dzavatterocs@vk.com,,844-909-5815,,,,mhextcs,IdHS0JvPS0F
2/21/1949,129610553,ncarragherct@instagram.com,,240-303-2223,,219-231-1355,,schetterct,vP4c0GV6TY
4/7/1970,158780176,dstempecu@chicagotribune.com,,,616-538-2733,,,aespinheiracu,7fjbulCsAz
11/5/1973,308397732,cbarrackscv@google.ru,,646-998-2331,,,,mruggencv,Cxe8lAq
3/23/1969,386037123,bcomiamcw@weather.com,,,,,,mleadbeatercw,CXMKMhp9Bhi
9/20/1927,864528316,cpoloncx@homestead.com,Crista,,,,,ctavernorcx,n3ApY8mC
1/24/1917,936045734,tyaneevcy@bbb.org,,626-761-1348,,,882-929-9338,fmcinerneycy,0NA4WffBl
10/24/1946,771912658,sspraberrycz@wordpress.com,,,227-204-9978,,,mwallikercz,5O8d4diX
6/25/1916,300274960,egreaderd0@devhub.com,Eldin,,765-150-9717,,,ewottond0,0WnBqAsvx0r
9/2/1964,781587839,hcomolettid1@nsw.gov.au,,990-752-4142,,861-680-8707,,wskpseyd1,STFEnlQqIRB
5/20/1928,426220041,lgoskerd2@com.com,,489-517-1851,,,,againsburyd2,ZpPUEC
9/20/1976,094929043,rcaunced3@netlog.com,,,,,,mghentd3,TMLTVTT
8/13/1942,089435760,fgateleyd4@soundcloud.com,,,,,,fcicuttod4,Tewynm
6/6/1995,754697471,tguyonneaud5@etsy.com,Tabbie,469-802-4420,,,,tcharlewoodd5,q6a9Yu5FF
3/14/1954,124285709,,,190-718-7479,,,,dhorningd6,2lTL8mIU
8/11/1988,901835471,pthysd7@chicagotribune.com,,,,,951-469-7279,jmelvind7,fS9jEdj
12/2/1956,834034995,mamorined8@netlog.com,,,,,,mjanksd8,FG7hwoM
8/1/1995,260905097,bkennettd9@barnesandnoble.com,,,,,,averrallsd9,y27MxtZiRJ
2/28/1943,130017017,gantoniouda@senate.gov,,399-397-6841,,,,adudneyda,7S4iYm7j
8/5/1971,632356679,apawledb@gizmodo.com,Adrea,,,,,apellattdb,5THbm2
8/28/1927,564224851,pschultheissdc@amazon.co.uk,,,,,,etimmsdc,O3hLb0s
6/22/1920,292250255,doverydd@moonfruit.com,,,,,,gkynetondd,FMQKyaVAsFh1
12/16/1933,984144699,,,,,,,rcommonde,54EkOUdU
2/19/1946,127014464,jpythondf@cam.ac.uk,,798-735-3237,,,,pmaphamdf,MdmXLaCuvCje
1/26/1987,673429310,wbarensendg@furl.net,,,343-131-7726,,,gsladdg,GThIe2
9/14/1949,726412950,dhaswalldh@npr.org,,118-389-3326,,,,kseabrockedh,Cng1j5d6l
9/7/1916,325084042,bkaminskidi@networksolutions.com,Bernadene,,,,,bgodfreedi,WpBtbF
9/4/1942,277905204,ecaffertydj@sciencedirect.com,,,218-214-9614,,,lnunnerleydj,WnQss3alJa
9/15/1935,040033378,eclemenzadk@nhs.uk,,105-885-6380,,,,nriddockdk,RumT4V
5/10/1943,160274663,bpluvierdl@joomla.org,Boot,197-485-5887,,,,bmillinsdl,e9Mtm96r
5/29/1995,677129515,,,769-692-2463,,,,bsilldm,FjJCBYMqG0lQ
3/5/1932,293003145,cwoodruffdn@pbs.org,,897-510-6660,,,344-590-6055,kamooredn,qeb1psZXlz
5/2/1937,679313143,ldaviedo@indiatimes.com,,,,203-400-2463,,jlucianodo,BhhcWF
7/6/1911,340163467,dardrondp@de.vu,Demetra,,,,,djarrettdp,lMPegYH
7/14/1973,520427975,acapindq@elegantthemes.com,,950-746-9543,,,,mvenningsdq,gWSgfG
1/26/1913,690393982,gellettdr@stanford.edu,,,,525-590-6716,,wstrongdr,0DyGOLY2TK
10/5/1988,224298654,mgarfirthds@yellowpages.com,Millicent,205-316-0083,,,,mtorrds,sFebbrQ
7/6/1912,403139368,sgeertzdt@vk.com,,,,,,bdalyieldt,BdZl65YQfHB
10/4/1933,660583219,tcalcutdu@nationalgeographic.com,Teriann,,,,,tabramowitzdu,q1CGok
5/24/1955,316061011,,Carissa,889-592-0054,790-963-5214,,,cneaversondv,VmDVqgwr6
3/23/1948,376111456,rearngydw@parallels.com,,,700-842-4229,,,acaledw,pwYZUy0RkHk
4/19/1915,879110261,dchallendx@flickr.com,,165-947-5898,,,,qcoatesdx,nNv5NFdQ
3/15/1994,483683234,klipsondy@seattletimes.com,,,264-348-0215,,,epuckhamdy,XrZPHUB
8/21/1933,506076025,tstorckdz@squidoo.com,,622-251-8937,,,,brhodefdz,eYb3EZGM
6/10/1928,104617657,aszachniewicze0@de.vu,,701-211-2712,,,,cpolie0,mnd9yE9KH0yr
2/6/1984,666116069,bdacombee1@people.com.cn,Barbara,953-313-8478,,,,bleaneye1,6wZm0j4
6/17/1953,339009171,dokie2@sun.com,,,,,,gsollitte2,nGiP0X9Z
1/5/1976,111652846,,,,829-226-9269,,,helfitte3,HZijRlvxyUE
2/1/1962,619949641,abarltrope4@home.pl,,,172-711-9768,,,ccappelle4,FeVrwzqN4PoT
6/12/1914,646716566,jteasdalee5@amazon.co.uk,Josey,,,,,jdimitriee5,nhg8xf
3/9/1936,540595811,,,643-838-6274,,298-990-2074,,lpedreschie6,3q9r0YZ
5/29/1974,883579363,cfaltine7@eepurl.com,,683-134-6087,,,512-144-9923,olehrere7,PpoluwGLvek
5/11/1962,537009162,peareye8@techcrunch.com,,,569-421-8595,,,mspelmane8,AuMSrnnDeQmd
12/8/1943,857162145,omeiklame9@nytimes.com,Odilia,978-388-6564,,,,oinsleye9,bi6mhjyOuK
5/19/1921,153601126,hglanceyea@com.com,,383-523-4552,949-112-6451,,,grubinsaftea,JUu82gNtA9
6/24/1912,581018338,aandrettieb@answers.com,,,,,,owrateseb,xkkO5R0E
12/6/1937,956884016,,,217-378-9267,,,,jgouldec,eu6uQPshpV7
6/18/1925,215324128,acorintoned@xrea.com,,,118-609-6699,,,aburgessed,w0zZ3iX9d
1/9/1934,124796009,byeldenee@jalbum.net,,,,,,ogaraghanee,GDiJpfU
6/25/1927,854969934,caxtenef@sciencedirect.com,Cleveland,,,,,cfallowesef,VOFldh9
7/19/1932,749062482,otrayseg@webmd.com,,,,,,dbeasleigheg,bvQFsockgWCV
7/28/1949,626483284,iellameh@answers.com,,415-372-6823,,,,bjuggingeh,XiuGC2v1ck
11/15/1980,915034126,wthaineei@bizjournals.com,Willy,839-204-6625,647-198-1511,,,wmeadowcraftei,qlqq1xg6y6o
5/13/1993,948421559,msoameej@ucoz.com,,866-321-1652,,,,khydesej,SStlsu
2/18/1942,331667202,nadolthineek@java.com,Norris,220-751-7614,,,,nshottinek,on7ukxpwF
12/22/1917,878874896,pchilderhouseel@storify.com,Pauli,573-487-5343,666-455-6900,,,plarrettel,99ztrgo8
4/3/1914,890389832,bforstem@creativecommons.org,,,,,,tlennardem,FiX2APnda
11/17/1967,092333941,,Julieta,,,,,jpetofien,48jlcbY5
3/8/1923,271396889,farmatyseo@phoca.cz,,476-114-2418,,,,gmacouneo,INccXXc
9/27/1928,862109774,ckurtonep@theguardian.com,,993-719-4819,969-398-2804,,,gwyardep,Ta6sescYXjM5
5/5/1910,161457629,omenaulteq@icio.us,,,632-450-4772,,,mcanellaseq,1S0J97O0rwO
8/27/1973,838851658,gjankovskyer@ebay.com,Gelya,,,,,gbeetleser,cPXRUvL
6/23/1953,223459007,gspurdenes@wiley.com,,,356-613-9137,,,csutheringtones,DHzcweL
8/12/1988,542428356,amactimpanyet@ted.com,,,,590-922-4356,,ghowgateet,vVMfb0OmX
7/18/1965,613684255,gregitzeu@wiley.com,Ginni,,,198-151-7882,,gdevinneu,fQdx1zmf8
11/25/1978,970529614,hhonniebalev@altervista.org,Hermione,794-917-7259,940-654-3009,,,hheigoldev,B2CuEOCqk
4/4/1963,753340302,ddetheridgeew@desdev.cn,,,,278-557-2504,,levelingew,tKginItB
1/18/1969,359009559,naslieex@reverbnation.com,,462-236-7806,858-446-4356,,,ecausbeyex,ntG02hb
10/10/1994,861429442,esalterneey@nyu.edu,Elvina,,669-827-1876,,,escowcraftey,e7P6MF14
4/26/1917,367676037,,Winston,,,,,wrabbeez,CW0hybV
1/17/1947,023108771,ldebneyf0@blogger.com,,,854-992-4467,486-245-6848,,lcasserlyf0,41hag3WKzDH
7/26/1921,594810031,ygniewoszf1@cnbc.com,,,870-465-3873,,,ehurlingf1,hwuna30mJtg
8/14/1938,514663938,,Boot,196-925-0032,,,,bsimanekf2,41iAvvpc03w8
2/16/1960,277077317,mdelacourtf3@ezinearticles.com,,,,,,bgiffkinsf3,Gozkl2cQtIq
6/22/1945,330601425,tblydenf4@cnbc.com,Tedi,,,,,truffellf4,AOfjjQdZOZX
2/23/1929,050099745,icomettof5@clickbank.net,,,497-765-8979,,,gmarkef5,4eTmWDiN2O4
12/18/1915,690175009,jruttyf6@friendfeed.com,,,446-940-1815,,,bgogayf6,0WULoVFp6YM
4/14/1975,841748959,mcoenraetsf7@geocities.com,Madelaine,,509-593-3419,,,mtoyef7,2tAMJjuR2Vkd
4/26/1979,811339363,vfrobisherf8@g.co,,567-992-6504,,,,fnaveinf8,2XUzdqMR
3/6/1923,071989792,terteltf9@sciencedaily.com,,863-816-6861,673-238-3273,,,gbauldryf9,AP5PwX
7/16/1952,117465108,gbroadfootfa@cisco.com,,,967-526-8397,,,stiltfa,YadjDroiFVkD
7/2/1981,307752910,jwessingfb@wufoo.com,,,,,,kbossonfb,ha1yWh9PtS
7/27/1979,270391355,rabrashkinfc@ameblo.jp,,624-319-0683,877-802-3707,,,kvanbrugfc,G12By9b8iNO8
7/14/1928,427812194,bbrayfordfd@google.com.br,,,620-829-9123,,,eorteltfd,5OIiRHDnolc0
1/19/1987,990014950,rivshinfe@indiatimes.com,,,,,,krichardesfe,cYfKvw6XtfF
10/17/1923,836681602,ldiklesff@kickstarter.com,,444-374-4860,412-188-1190,,,mwimbridgeff,wnOE19pC
10/9/1952,045281693,,Wadsworth,,,,,wdeantonifg,9pB9CMIz0s
5/19/1978,096835010,mdelmagefh@ibm.com,,475-346-5308,,,,etorresifh,iUkDWCwDH
10/19/1952,221743998,msailsfi@jiathis.com,,314-104-9847,,,,jstreaderfi,VloFXu
1/4/1957,973972482,rfoanfj@google.co.jp,Rubie,953-660-1070,,893-787-0596,,ropperyfj,zgbdKjsK
12/14/1920,402720796,fjorefk@epa.gov,Fulton,,,,,fpiechafk,LYnLHc5I4BHN
2/27/1937,022384384,srocksfl@google.ca,Silvan,,,,,sthurlbornfl,KwzA4fckRieP
11/8/1972,440023757,gdonnfm@washingtonpost.com,,,,,,dstockerfm,zJNt0aY
11/30/1944,525070727,gmckeggiefn@ebay.com,,,,,,jsherreardfn,daw1kXkxVY
12/16/1935,261166632,frossbrookefo@51.la,,435-641-3698,,,,zhenriquesfo,8IMgjb
5/11/1968,131322484,wkermeenfp@dot.gov,Way,,799-947-1681,,,wstraneofp,3qbQZr3FWrgV
8/21/1962,354222024,scarvillafq@nydailynews.com,Seward,584-242-5098,,,,svasiljevicfq,VF3DrHoWtbV
5/18/1927,442259170,hvedeshkinfr@chronoengine.com,,,,,,lmccoolfr,4K8FF26gZ
11/9/1979,227506630,mdavidwitzfs@reverbnation.com,,,,,671-891-1591,dstuchberryfs,lM50bs
9/15/1989,744892137,gmcilvennaft@blogtalkradio.com,,,,,,rswetmanft,OfQKkEOSP
1/10/1967,614019074,dsandellfu@kickstarter.com,,,338-990-6618,,,dgraeserfu,lH2qAsNA
11/26/1974,134618499,nfealyfv@mayoclinic.com,,,,,,pinmettfv,9ljQ6kymMY
11/20/1948,238395034,,,652-574-5216,,,,jverchambrefw,shrYEaE9AI
4/8/1948,725088512,lcastelotfx@oracle.com,Lucais,,473-286-2074,,,lschankelfx,KaixS6v
4/17/1914,915582616,,,,,,,samortfy,eUQ2UUR1
10/9/1985,875845598,tpeterfz@nymag.com,Teddi,910-888-3838,,,,thanesfz,26BbFYII
9/4/1938,133121978,hchezelleg0@cnn.com,,845-532-3680,,,,iweaversg0,x7akkBqst
7/11/1975,388000088,jpottieg1@newsvine.com,,,,,,hnesbethg1,RlPsqVbOqrGO
12/15/1940,037781550,sgohierg2@live.com,Sibel,661-200-5994,713-255-8511,128-286-7734,,sbrakeg2,tDJXQvueRnN
4/6/1995,258370081,scancellorg3@google.fr,,174-811-8902,,,,gsimounetg3,1tF6zl6KN6Q
5/2/1954,000676757,rjoplingg4@spotify.com,,566-923-5454,116-979-3595,202-724-3745,,elotwichg4,iojTSIp0j9R
8/2/1952,094441603,miwaszkiewiczg5@home.pl,Mallory,,361-877-3466,,147-966-6599,mhebnerg5,SGP2xe
6/18/1968,044641352,rromayneg6@nytimes.com,,,,,,kfeldmarkg6,tka94v4
12/19/1932,975311936,bpettig7@homestead.com,,,277-794-8531,,,kcutmareg7,nF6nMZybp
9/17/1971,698841435,,,,,,,dbellardg8,riHjsf
9/4/1912,516621043,aboughg9@reddit.com,,,,,,mchetwing9,qUMUBGX
10/17/1946,302964282,pfersonga@squidoo.com,,,,,,dtampinga,7klW0I
3/23/1917,959759471,hceeleygb@narod.ru,Heinrik,,,,,hreithgb,TBNhVrNm
4/14/1935,054119501,lmeakesgc@sakura.ne.jp,,,922-930-4575,,,bgristhwaitegc,Uy7UBJj4ng
12/21/1990,327584986,cheadinggd@ucsd.edu,,,,,,sfaulkenergd,vmn2Ay
12/13/1972,703457141,rclemmittge@google.cn,,698-791-3505,,229-859-2560,,cflanaghange,U7KA3D
11/11/1971,558456505,erubertgf@gmpg.org,Em,328-975-5407,270-956-7138,,,ealekseicikgf,M5XqpZh
12/2/1973,752227611,atwitchettgg@cdbaby.com,,,,,,handreottigg,k3MRzGLR8dr
4/17/1960,590903554,mtuleygh@studiopress.com,,484-241-5965,,,,cspradberygh,z3EoZBoHvj
4/21/1913,321581218,sstentgi@pen.io,Scot,105-937-1270,,,,smcskeagangi,kXQhTsLG1CnP
2/2/1990,966911985,mboxhillgj@comsenz.com,,,,,215-351-4271,bseilergj,169ybM
2/28/1935,649636542,jewencegk@bravesites.com,Joella,,,417-886-7133,,jsyselandgk,CcGejgQHpF
5/6/1964,195202895,gwattongl@hc360.com,,,,,,rkeymergl,Y4LJopx
7/13/1915,723120024,,,497-647-4380,,,,fdufraygm,2kQOCXUZ
2/27/1945,821416395,mmaffeygn@nih.gov,,,,,,sconnuegn,IqYjYG6fAwhG
9/24/1962,823936323,spimbleygo@mlb.com,Sapphira,,,638-163-9549,,scoulinggo,3FU1eM
4/25/1962,506829484,hkingabygp@sphinn.com,,443-676-9455,,,,jmeagp,teqF0q5gDCp7
7/29/1959,941212638,ljozefgq@statcounter.com,,999-625-4254,951-152-2041,,,cmuntgq,x9KEfjJ9vu
11/15/1979,676659019,lhadekegr@privacy.gov.au,,,822-701-1909,,,kalsoppgr,jW0hnB9hvFW
8/2/1984,728916011,wdachgs@japanpost.jp,,,,519-675-0965,,cconegs,drjdkBN3
6/23/1921,615622994,ntatteshallgt@bigcartel.com,,673-475-4284,,567-825-7644,,akystongt,qtdDC1tJWD
1/24/1942,032151535,tchilcottegu@dion.ne.jp,,629-593-0798,,,,ewoodisongu,XFZSoI4Ss97
1/3/1938,856643372,,Link,,592-868-1705,515-241-9546,,lscrubygv,oaIcOpSf
3/21/1963,373430523,aloachheadgw@over-blog.com,Ara,686-164-4508,,128-820-3153,,avyvyangw,ilCyskC4lH
11/20/1966,222413263,dfransonigx@eventbrite.com,Ddene,,196-398-4732,,,dpetrangx,OUQiSC
11/17/1950,520606371,obirtchnellgy@bravesites.com,,,,,,cwishergy,HPR1xSV
7/5/1992,337377763,,,,998-263-0292,621-627-8576,,lbrighamgz,t5AXK63WD
7/29/1976,494147228,mlobellh0@dagondesign.com,,453-780-5193,,,,dpiketth0,CCkJRF7W
9/3/1965,326214516,jdahlh1@csmonitor.com,,,477-763-6741,,,llepageh1,vQEQsAf
6/27/1944,154640064,zweareh2@devhub.com,,352-138-2552,,,,kfanshawh2,RlCdMPe
12/30/1962,378588376,jpygotth3@list-manage.com,,994-854-4625,,,,dmorrellh3,JBxQxd7V
2/18/1968,845209834,zarndth4@tuttocitta.it,,402-440-2262,,997-932-6980,,akunerth4,OacJntGdXpsJ
10/4/1937,874456257,briccioppoh5@biblegateway.com,,305-243-4512,,,,ddarnbrookh5,Wjm2dcMAmwK
6/6/1943,092537019,mrhodush6@cargocollective.com,,765-923-3261,,181-264-5046,,elownsbroughh6,AbzZBPJ6u2b
11/8/1934,402816620,tdaverinh7@homestead.com,,974-786-8622,,,,lswayteh7,teFDv1GbFwkP
10/24/1947,819538189,jpeyntueh8@loc.gov,Joann,,,,,jwoodhamsh8,4O4oxJZyQfND
12/3/1994,931994845,paxelbeyh9@zdnet.com,,,,,,ashepleyh9,bmv5k4
6/1/1960,785645950,smcffadenha@timesonline.co.uk,Sarine,945-297-6538,,,,slindenha,U3UlY9S8D
8/16/1946,851907646,sredemilehb@symantec.com,Saxon,,788-657-3497,390-619-1293,,swaelandhb,tQdBElR
7/24/1951,385222421,dliffehc@twitter.com,,311-353-1378,,,,dboddymeadhc,1rQyNV
10/5/1936,761829785,msallierhd@accuweather.com,,747-381-6395,,,,hduffieldhd,8PHRFFGLPziZ
12/13/1943,046071451,ssetteringtonhe@imageshack.us,,,898-758-4865,,,tnajerahe,kNOHuUt0G
7/11/1937,241534547,maleshf@earthlink.net,,,,992-897-3593,,djennaroyhf,ZzFAZP0g
8/20/1954,972874661,dlarderhg@ning.com,,801-804-4563,637-992-8237,,,hbeswellhg,DGtj6A
3/23/1920,185752792,adoylandhh@homestead.com,,,,,,jflintuffhh,t7bI1tNV7O
9/12/1953,103047610,lcorwinhi@about.com,,887-484-0930,,,,nfoanhi,RMi53P
5/11/1926,795982753,apaultonhj@multiply.com,,766-541-7127,733-251-5255,,,asymcockhj,xZCw9NYR2Eik
10/19/1936,246018450,demetthk@ning.com,,194-943-4145,,,,acluetthk,VVnIZSAUAWjI
9/14/1967,539745082,kpregelhl@symantec.com,,,,,,pbirneyhl,eRSTiLpdvf5
5/29/1947,952451840,rpassbyhm@phoca.cz,,,,132-458-5472,,emccoveneyhm,qJuc7wdr
10/2/1969,346776752,snorsterhn@domainmarket.com,Sinclare,461-359-5875,285-702-0720,,,sjurkowskihn,zJcx0ZfCyC
3/3/1931,067235632,acasalettoho@springer.com,,,250-558-9153,,,pluttyho,c06FEb
3/24/1977,716511496,kkenealyhp@senate.gov,,106-337-7984,,,,tcaughtryhp,nykTZVtl
3/14/1974,929632779,tcaswallhq@imdb.com,Theresa,,910-210-8449,586-895-2130,547-142-8613,tbillohq,u3WgI36Xib6
10/6/1955,309603885,rbergeonhr@loc.gov,,372-887-6178,,,,gbeddinghamhr,pfS3oh9
8/8/1928,265223780,jloyhs@printfriendly.com,,,542-606-0743,,,jfaraharhs,tC15cbHzgJv
1/28/1993,177611012,cgossageht@slate.com,,,533-591-7440,,,clyokhinht,H2laLs1gQ7ig
7/31/1981,895587998,sweekshu@spotify.com,Scotty,,,,,shebdenhu,j7gOnl
8/4/1930,499640690,,Charmine,679-319-7080,,,,ckedwardhv,lEzRJtnhqr
3/18/1918,271978025,ebuscherhw@last.fm,,,,,,rcoventryhw,LV6N5nn2hcNp
2/25/1961,861374277,vjayhx@goo.ne.jp,,,790-416-6978,,,acowlashx,dFmp7bp
10/27/1934,721502382,wpabelhy@google.ca,Willard,504-514-2857,,,,wgoriolihy,jJHUeN
11/2/1912,386457996,kfletcherhz@angelfire.com,Kirsten,,,,,kcornickhz,drPhEfQD
12/10/1920,761237179,ggarrettsi0@cyberchimps.com,,584-414-3348,,,,ngirauxi0,IuFmWpK9e1
4/17/1967,110483910,ohairsinei1@mysql.com,,893-921-7798,,,,mburlandi1,Pm5chpiZ7vgN
6/13/1919,956007246,adurransi2@umn.edu,,,,,,alowndesi2,lDrIMD
8/18/1963,751717663,harmytagei3@behance.net,,383-806-4271,,,,cbonifacei3,QTkvGTE4mQ
9/5/1953,970078852,eackerleyi4@nasa.gov,,116-290-2790,,,,lakidi4,OVJJajt
3/2/1984,066957886,hwoodesi5@flickr.com,,919-288-6193,473-510-9589,,,rtyhursti5,XHUfAFe
6/12/1955,080410082,,,291-521-0612,,,,ebarkshirei6,xlQBPL
4/5/1980,495656450,islingsbyi7@independent.co.uk,Ilyssa,992-368-5796,,,219-293-5505,inellisi7,HzPtSDS7ki
12/8/1922,499904652,rkupperi8@yellowbook.com,Roma,,,,,ritzkowiczi8,0cUWnQ2Q
3/18/1977,086106151,tscanloni9@ameblo.jp,,,,,,rquarlesi9,CyTkaoiENSEt
10/30/1963,595839463,pchiltonia@samsung.com,,777-241-0623,,,,femsonia,yx1EfmXL
1/22/1960,963612055,ysodaib@blinklist.com,Yancy,923-876-4961,,,,ypughib,5CuxeCy
7/23/1915,329840666,jgiovanniniic@rakuten.co.jp,,261-697-1463,,,,sguittic,akAuZJZGhU
10/19/1975,308780844,inormansellid@yolasite.com,Inge,,,,,igaynorid,s17ICmNN
10/17/1947,259188806,rgalgeyie@yahoo.co.jp,,,,,,cbaskettie,GExKfTLng
9/18/1984,162315732,tcowoppeif@about.com,,,907-165-9851,,,dbewlieif,7UvmwX
4/30/1929,053415376,,,,,,,jvanderveldeig,VxFJLhhnLhiy
7/5/1994,985808319,ldenslowih@etsy.com,Lelah,318-473-3391,,,,lblaslih,x9wCTLEyq
6/3/1959,445201143,,Maddalena,,,,,mjozsikaii,uW0cYxqmPzPh
7/26/1914,968904681,hchiswellij@furl.net,,223-508-8324,,,,ksappyij,CV113FU
8/17/1946,770830405,lpendrichik@people.com.cn,,958-458-9547,,,,rcastelik,5HGz6z
1/26/1987,519922735,pstanettil@typepad.com,,,,,,bpedroniil,fO95e3dWtc
9/19/1979,587937069,dberntssonim@bravesites.com,,389-487-5822,,,,mbrambellim,M5MJz5Xw
6/14/1944,175739471,dlitzmannin@eventbrite.com,,,,,,amcsaulin,mr0VVF67V4
3/4/1944,136776753,cnisetio@so-net.ne.jp,,907-774-8518,,,,tmelluishio,cDrexxWx
11/2/1918,114223511,mlambalip@shareasale.com,,491-425-7007,,,804-802-7699,bcrannachip,TTEVGc7hS
5/25/1992,447327869,egrimsteadiq@goo.gl,Evan,,,268-331-9599,,emcalpineiq,VQKEKtjnjnH
1/4/1916,114262550,jfakeir@qq.com,,615-475-2937,,,,bgaddesbyir,8VJEtSHAcuQJ
8/5/1956,038531242,wcalowis@wunderground.com,,,,,,cdunningis,fWf41w0d
6/14/1916,936414653,,,,611-142-0365,,,mofferit,29OK6Agq4inh
5/2/1921,459529043,ydorroiu@php.net,,,,,,sreinardiu,wCCcjhqgntT4
10/10/1959,278862851,jnethercliftiv@cnet.com,,,675-403-5515,,,kcostiganiv,DDweGi
11/1/1910,580159668,gthornberiw@samsung.com,,,,,,hgarbertiw,S9WTi6VBr23q
4/16/1951,411205731,vgrahlmansix@cbslocal.com,,392-331-0813,,,,mcrottyix,avaHtq6
12/24/1927,863248444,kwimmersiy@dedecms.com,,,570-134-9860,800-276-0467,,jingolottiiy,ICNjP1wz
1/1/1952,617058283,mlemarchandiz@cloudflare.com,,587-692-1334,,,,wantognoniiz,BRfBmmNlFq
10/20/1993,574941125,cbarnesj0@taobao.com,,197-382-6825,,,,nfordycej0,mBGM7J8XP8
6/15/1914,372889377,atendahlj1@usda.gov,,,,223-658-0542,,ewyardj1,UI3HEvIRdAAM
7/9/1957,642047748,lwhartonj2@diigo.com,Law,,,,,lcausticj2,ax657zIBCB
8/8/1940,986748360,,,,943-427-6489,,,mletixierj3,kHlZqsGkea
3/24/1929,859391519,mbendaj4@hc360.com,,576-227-9848,,,,treinmarj4,bMcdodPt
9/5/1917,573450214,mbedwellj5@smugmug.com,,,,955-568-3034,,swalkleyj5,co2Gz4C5B
5/25/1924,016589731,sellerbeckj6@geocities.jp,Suellen,429-439-6860,,,,saristidej6,R0E72sVGy5b
9/28/1930,595280155,mhynardj7@51.la,Mureil,,287-259-3573,,,mfareyj7,Fhk6n7g
2/7/1910,545587083,eteresej8@upenn.edu,,,,,,rtremblej8,mmWjjrT
1/1/1940,654526871,,,385-324-8724,,,,etankusj9,kgThWNmB
10/10/1990,829941910,geverlyja@toplist.cz,,279-819-1752,,596-457-1306,447-189-7704,jsorsbieja,b4NQfgwr
4/27/1953,562200747,eleyfieldjb@marriott.com,,531-874-6171,549-435-1912,,,ntysackjb,FdVf6LkJiyM
1/12/1947,653034387,mgroverjc@hatena.ne.jp,,718-873-0062,,,,morsjc,von6YUT9eCDU
1/4/1973,445263927,,,447-798-1809,,,,ebridgementjd,EbnWla8Sb6
9/25/1924,679895407,bjacquemotje@technorati.com,,,,,,wfurbankje,eR4HFf
10/24/1965,997325217,kdanilchenkojf@zdnet.com,,,,,,jlowcockjf,cF1qw7y4elx
8/18/1967,263223899,bbartalettijg@walmart.com,,,,,,imachonjg,TqA2ONLe
7/7/1953,056992847,fkitmanjh@imageshack.us,Flore,982-705-8393,,,,fburchessjh,lFB9jH2J
4/29/1924,809407850,jgreschikji@house.gov,,,,,,astuddeardji,sGQBFs
10/8/1971,841242429,,,857-669-2287,559-949-4847,,,fduchamjj,sOxh6sbZN
10/13/1927,667331153,darmatysjk@gnu.org,,,,,,afaltinjk,Q0PBpbCXOWl
7/22/1915,478904889,,,,202-894-6737,,,jdeveralejl,GkZsrh
10/15/1956,443445778,wshallowjm@google.fr,,135-641-3652,,,,mwallesjm,EdrdMJ
12/26/1944,331109576,dberrilljn@theguardian.com,Damian,,,,,ddudingjn,x6r7a39qMg
7/29/1942,799134805,csulllyjo@goo.ne.jp,Coraline,403-120-3532,,329-606-7868,,cmacaskilljo,vcQD9WXA8n
4/27/1956,272238017,mgiraudoujp@adobe.com,Mead,,,,,mgrierjp,UNQLbgjx8
10/3/1915,651941674,jbigglestonejq@booking.com,,,,,,eswettenhamjq,qohPkgo12
8/15/1983,830691574,hnorkettjr@wikia.com,,,,,,hkirwanjr,E2mSmTNK
2/11/1974,276146242,sregusjs@w3.org,Sterne,704-430-4130,788-727-3084,,,scluniejs,jOy7OoHy
2/19/1932,641379817,dchapejt@tuttocitta.it,,,826-139-0379,,,fthorpjt,ze0EiOlU2F
11/13/1936,121655460,lwelbandju@1688.com,,,140-219-6897,,,rkingzetju,08AlMEEui
3/1/1967,477336466,,,,,,568-732-1720,jtarpleejv,e6nWiPZ
8/3/1960,240189640,atraversjw@nps.gov,Ali,,,,786-820-5519,aeliazjw,VsrXfWO
8/21/1970,622870687,,Verney,237-223-1793,,,,vfulljx,QBbb6Evi
9/17/1987,520073641,,Deeyn,765-949-4661,,921-461-8721,,dpendlentonjy,5lISE3G
11/1/1961,223219543,bcrucejz@springer.com,Bette,,,,,bcornelissejz,jnIQlUP
4/7/1970,197311040,,,,,176-743-5374,,cleggenk0,3EylV5
2/10/1981,804480434,ltrank1@cnn.com,,253-600-5467,,564-766-7810,,cphebyk1,phkf0o
5/11/1917,701049040,nmelatok2@google.es,,,,470-886-9512,,tmulvennak2,XpQFU7PPfUFk
9/10/1941,784661172,vstonhardk3@vinaora.com,,132-788-1739,699-780-8996,809-699-7101,,idepperk3,GIGY1fbIQQ
4/13/1985,110101973,ninklek4@wiley.com,,,,324-496-6250,609-471-0903,sstimpsonk4,yFekviX8ALkE
11/16/1966,281797409,aaschk5@icio.us,,,674-631-3580,,,awattinhamk5,EzPdiM673Nd
1/21/1994,889433644,jharewoodk6@patch.com,Jerrilyn,338-137-7300,,,,jrushmerek6,5MPydvfis7
10/2/1911,698970343,lmabonek7@bandcamp.com,,297-717-8961,354-439-6805,,,challenk7,ZwesmiKd87V
6/11/1978,057944852,krawsthornek8@unc.edu,,315-967-2902,104-287-2573,,,hbaxstairk8,Wh7Zm1
8/9/1914,744356266,,,,,,,darnowk9,ituBefFd5ax
11/14/1990,633172522,dshakesbyka@trellian.com,,,,,,oshelfka,sbTtce
2/21/1926,484883099,tjoseffkb@imdb.com,Tabbie,799-727-7717,251-930-7827,,,tokinneallykb,2nhAh9054aku
1/23/1914,513876073,mgotchkc@discovery.com,Merilyn,372-886-9072,,,,mkinlochkc,TxfUwiJpQp
2/25/1945,199850734,elampingkd@netvibes.com,Evangelia,,377-439-3435,,,epoetzkd,yY24Pd1
5/10/1975,258422130,ltideyke@constantcontact.com,,,564-744-8528,,409-133-3249,lgaginke,8WxI1r
8/17/1944,150398779,sniesingkf@google.pl,,,,,,livakhinkf,6DcSg5
11/30/1912,142613840,wlorkinkg@usa.gov,,130-393-1083,850-315-2337,,,mgoggankg,whwbxXfrZQmk
5/9/1995,662758046,tcrebottkh@google.pl,,,712-238-3633,,,eilyuninkh,dhNW5F
2/26/1989,760182319,mwhitfeldki@etsy.com,,,,,,ncoldbathki,5huek5f2Ccv
9/19/1979,133819016,dfarrandkj@sbwire.com,Derk,,,,,dtrumperkj,pcpLVKbf
2/22/1937,349091993,,,,,,,hboudakk,gmBBQhGkKm
3/14/1951,638912999,nrutledgekl@about.me,,378-573-4475,,,,fdallinkl,1Q1HbNQdG
6/24/1925,965206539,rbehnkm@typepad.com,Richard,,,,,rfarnellkm,GRoveZq1u72
1/26/1979,232015063,wloughtonkn@surveymonkey.com,,,,,,drainfordkn,nNu894
2/2/1965,552198392,rmccorleyko@blog.com,Rab,480-873-4123,,,,rpennicardko,9miDPYzPF5Ra
12/10/1930,578050989,mdyaskp@w3.org,,,,,,vjeeveskp,IBawfQgDURn
8/13/1916,940731585,cwhathamkq@woothemes.com,,278-578-4648,,,,edunfordkq,kLWUdz2
4/22/1989,304775255,bborthwickkr@twitter.com,,,,,,amouldkr,81zkMK
7/30/1986,396287628,,,251-216-1217,725-244-6055,,,asoutarks,13IcW8sr2o
2/11/1972,601829997,ekennifeckkt@fema.gov,Erina,,,,,egandarkt,pANFCyJO
5/3/1915,503750851,awestmorlandku@addtoany.com,,796-322-7200,213-156-3885,,,qethelstoneku,8Oct66Yy5
2/19/1913,465445835,mmcanekv@artisteer.com,,,510-915-1459,,,mchrismaskv,Vnl8APg
9/22/1928,700406304,mnoltekw@ucoz.com,Montague,494-319-0560,,,,mkeadykw,0gwY5PEnxu
9/24/1950,515650800,abugbirdkx@springer.com,,475-609-9623,,,,dcliffordkx,aD5boINEkAX
4/13/1974,687613691,,,974-554-8234,,,,kdurnallky,FHfnc6Ucl6IE
10/12/1944,756619650,cstollmankz@indiatimes.com,,,,,,salonsokz,jEyVn71Eu1LW
1/5/1923,669247037,jhugettl0@infoseek.co.jp,,,508-352-6444,,,pdybelll0,MlHVqwkm
4/28/1953,320373086,gakroydl1@wix.com,,758-487-4356,,,,jsandiferl1,9tGiJi
6/6/1915,139934044,ktampenl2@facebook.com,Kathleen,,672-300-2532,,,kdeerrl2,i5l8yLvVLXF9
4/7/1933,873994599,hsibthorpl3@freewebs.com,,,,,,rwestermanl3,fvjV1Itww
12/16/1934,747107046,tbarrowcliffl4@umn.edu,,208-574-6939,800-220-2534,,,jlileyl4,GWUvXuMM
2/25/1951,914418710,gpoonel5@lycos.com,,,577-792-6658,,,bluetchfordl5,mPXSDw
10/24/1910,979220990,nmacdermandl6@opensource.org,Nita,149-680-0056,,,,nkristofferssonl6,S5NhFDkztR3e
2/21/1961,618949449,fgivenl7@chicagotribune.com,Frannie,,,,,fjosephil7,w5LA70SAEq
4/3/1965,440883564,akettlesonl8@typepad.com,,,856-860-0652,,,rrockhilll8,RlufQ7Cv
11/16/1910,955478643,bbythewayl9@typepad.com,Bess,,,,,bcarnegyl9,AgIuci
10/25/1977,883805236,avittella@multiply.com,,,,,,etaxla,uuXHEM0P2s
11/29/1949,535264385,rruzeklb@nih.gov,,,,,,tbeminsterlb,DQTrjI
10/14/1950,221741903,elabetlc@booking.com,,,703-491-6185,,,cthinnlc,x1ZmNwZW7
3/21/1914,430764156,cheinekingld@ucoz.ru,,302-323-3149,,,,cfrangellold,yUHQNZLqyPOZ
6/21/1970,642704990,pnetleyle@goodreads.com,,,107-976-1937,801-784-1805,,bwadelinle,3Bp3F5c6j64b
10/26/1924,283905671,lcowwelllf@slate.com,Latia,254-587-4999,,,,lpragnalllf,SZ9Ikkj0Ln
9/19/1960,193062078,sgerriessenlg@nih.gov,,,,,,amcgrowtherlg,S76xEUWIy
10/30/1944,215808158,bwhykelh@studiopress.com,,,,,,nboyfieldlh,goqwnRr
1/13/1982,541819790,elettli@51.la,,,333-456-3365,,,jblanshardli,kJ5GUh
7/22/1963,663216299,bshakeladylj@wikipedia.org,,,,,823-911-3706,ewoodersonlj,YQzsRseV
8/9/1959,310611123,fburkhilllk@ucsd.edu,,411-817-1615,182-157-5401,,,dpiperlk,h5a5aeWH
12/1/1978,923290430,amahoneyll@europa.eu,,190-264-4926,489-601-4795,,,gollinll,6sdzfP
12/6/1951,538928003,epretsellm@house.gov,,,,,,wlowethlm,3yOLVDS
1/25/1925,094401559,hbelchamberln@gravatar.com,,910-219-8639,,,,rmavenln,YDN3zk
11/9/1942,298058930,garnelo@marketwatch.com,Gene,,,,,glangsburylo,psCZs10bALt
1/30/1942,321193283,kdaniellp@tripadvisor.com,Kettie,,,,,kcumbridgelp,o3wCygqYWrz9
7/27/1939,298988313,kpuncherlq@chronoengine.com,Keriann,,,,,kmcgillecolelq,Na0H6lcBmfV
12/14/1932,988498608,edragoelr@vk.com,,,983-486-0526,,,nosticklr,HJReWCDMm5wA
9/11/1960,214191527,fwornerls@google.com.au,,561-757-7378,,,,agoffls,86y8HJwxLI
10/22/1965,015028236,aaxbylt@oracle.com,,,,,,wsargeantlt,2hjMUJXloC6
1/2/1956,082498399,cwillsheelu@blogger.com,,,,702-465-5787,,bfloreylu,LfZ2U32UcWmM
11/22/1923,973727105,cwebenlv@networksolutions.com,,,,,524-143-8099,wfinlrylv,W6hU1vqidBLV
11/2/1935,571982575,cthriftlw@constantcontact.com,,169-438-4697,,,,ccasperlw,Ae1R3f
9/24/1931,637735233,gbettenaylx@google.fr,,543-698-0584,,,,astonefewingslx,94MPFehY
9/20/1940,709509149,sdensumbely@vk.com,,,647-688-8965,,,sbucklely,vhqy2Dx7q
8/23/1954,143014937,fklimentlz@sakura.ne.jp,,,781-655-1416,822-632-7505,,skillicklz,2sw95r2
9/9/1910,795592140,sasburym0@imdb.com,,953-613-4471,952-417-7902,,,hpettengellm0,K1u4KfG
6/2/1978,421964828,cmccraym1@ucla.edu,,622-163-1488,,,,sreinersm1,EQRo1nNWp
1/8/1912,586445330,,,,,,,lolandm2,8loUwgyCY
3/20/1917,422009738,jmontrosem3@ucoz.ru,,422-513-5235,399-820-1881,,,cmoreinism3,Ikq0iK1dOf
6/19/1944,061030694,jiannuzzellim4@bbb.org,,413-427-4508,,,,bevittm4,08WRJ4kyS4Y
9/19/1927,926312449,gbruhnkem5@nhs.uk,Garald,,,,,gblandamerem5,Kax5cG
3/25/1958,001311737,,,904-305-4952,,,,remlochm6,UriIMw
3/9/1988,725231113,hkondratovichm7@baidu.com,,145-601-4569,,,,kgerhtsm7,lvYVhkt
5/18/1967,409700073,ebradtkem8@lulu.com,,,,,,afarncombm8,bdd3p2JK
12/14/1952,143678629,rsimmankm9@salon.com,Rodd,821-572-1384,665-564-0531,,,rmaymandm9,QssE6CEMkd9
2/20/1942,485188425,aroysonma@salon.com,,983-476-9588,,,,fvogelerma,LNO7dZD7
7/27/1941,293659196,clombardmb@redcross.org,,,608-395-9360,,,haldwichmb,k5AMdu
11/25/1914,206167757,,,,,,,nbendittmc,0wWMv9OJ6
5/29/1973,659881256,mlaguerremd@soundcloud.com,,220-103-9791,,,,akennewellmd,I4KI9tFrrTP
11/8/1941,399786296,glemarme@artisteer.com,,,,,,winstrellme,dJxxydu9reYu
9/28/1925,490877827,viannellimf@virginia.edu,,,732-559-6661,,,rscrimgeourmf,Nk5Z0ulghXPX
1/14/1925,973876236,mcroncheymg@buzzfeed.com,,364-829-4039,861-260-2328,,,lreddiemg,DSV8Zca9oX
4/15/1968,902415725,fdagostinomh@geocities.jp,,,,,,emunfordmh,T2axTx
10/23/1991,137105350,,Zachary,,,,,zprydiemi,UnLvK1Y
2/27/1921,912465338,fbednellmj@apache.org,,979-864-5890,323-242-5836,,,adeliamj,9v55X3vo
4/1/1946,886736320,abraganzamk@bandcamp.com,,,113-420-6492,,,hkosmk,Xzmpre7sNz
9/28/1930,712563423,glardgeml@chicagotribune.com,Gill,,,,,gofallowneml,DeGfEUadE
5/16/1982,044807762,bcockaymemm@godaddy.com,Benedikt,125-354-2854,,,,bvangeffenmm,1YeCUX
8/14/1964,270640742,wvannuchimn@boston.com,Wildon,142-123-5631,,,,wshadrackmn,SV6akyedeLUE
3/27/1924,396992136,cbriertonmo@over-blog.com,,,,,,bballaammo,fLXcPy
2/18/1926,799665950,klillfordmp@go.com,,,,,,abrayshermp,XCzGMc0FHtd
9/14/1970,951805767,,Sybyl,474-197-3354,,,,sstrelitzermq,jgGpnoeDCqm
10/7/1928,730097361,wlunomr@1und1.de,,,,,,vbengtsenmr,kqIEfFry
4/1/1913,085873094,mquinceyms@mozilla.com,,463-651-1044,,,,byerrallms,rJtBmqQcaV2L
7/21/1933,416671214,cfillerymt@microsoft.com,Cordelie,738-943-4921,457-520-3404,832-281-5517,,csemmencemt,G4w8dec5
8/26/1949,826868781,ejallandmu@fda.gov,,411-618-4158,,,,zhedgermu,KwRQehJJ7Y
11/4/1969,241016611,kblightmv@usatoday.com,,,,715-898-3119,,aperreemv,FF0wz0M
2/3/1937,445472159,sgidneymw@cnbc.com,,,,,,mscoatesmw,qjubWYhjZC5z
11/14/1942,272448818,csandellmx@ehow.com,Casandra,399-302-5571,256-396-3356,,,cbaxandallmx,Kng8SQh
6/13/1984,865917103,abaddoemy@topsy.com,,,163-532-7835,,665-339-6388,rgrigorushkinmy,oGvpfZ7O
8/20/1986,895538442,dkhomishinmz@kickstarter.com,Dana,,,,,dwagstaffemz,RATzcW
3/21/1980,494852083,acoltmann0@example.com,,,,,870-660-8645,vsiebn0,2lLsHWSS
7/25/1927,208547011,hdeftyn1@meetup.com,,,,,,ebatchleyn1,Qlp4TNqmWh
2/18/1970,795876445,amighelin2@fc2.com,,,,,,mteaseyn2,CiGaizxSt
11/13/1977,060416167,calcalden3@cnet.com,,225-807-3942,888-741-7020,,,mgennern3,wkE4so4Aab3s
5/21/1947,989832640,hdooneyn4@squidoo.com,,906-923-7653,,,,crawstornen4,NmSsF8
5/16/1957,207086919,rgocken5@census.gov,Ravi,,,,,rfenneyn5,nfAZKCpPa
2/14/1937,066111247,dlocketn6@icio.us,Demetrius,,,,,daschen6,g1UZknWAaq
2/12/1924,430576097,afairn7@va.gov,,363-836-0959,,,,jhowatn7,dynKGZHR4
12/1/1983,603689529,pragsdalln8@angelfire.com,,,,,,bbaldackn8,VWMy4H1kmCM
3/8/1965,762213467,abrattonn9@bravesites.com,,,,,,aschielln9,OF9nLPQX8icH
1/6/1975,185647318,osticklerna@studiopress.com,,,,,,etapnerna,UcxUi0
2/4/1930,081967008,csachnonb@desdev.cn,,287-319-9241,,,,stibolsnb,oBV7ZjEavyV
6/27/1957,453012857,vterrettnc@blogspot.com,Vite,,,,,vcastellinc,WgQFJ0Qla
4/21/1951,182422070,aosgoodnd@ucoz.com,,884-375-5616,,,,vsudworthnd,UdHZoNaQbp
3/2/1917,015411987,soreillyne@cnbc.com,,463-526-0569,,,,spicknettne,2OmTnVsTNFC
1/1/1914,202087839,rmcaulaynf@guardian.co.uk,,,449-785-4617,,,ffahrenbachnf,eF5Nz4v6
11/13/1966,523643991,gbrabhamng@zimbio.com,,,562-749-1204,,,kmanginng,Xicb3HsOP12
3/20/1977,959381832,iduckworthnh@squarespace.com,,,,955-115-8931,,bvandersonnh,JPjQmc
8/22/1948,261068102,mmaccolmni@google.nl,,599-803-8028,,,,kwhannelni,zAPWzZkfIIRr
5/31/1995,114755422,mrippingnj@networksolutions.com,,,,,,pfermornj,cYlT8tAox5
6/16/1977,162876549,cwatshamnk@w3.org,,350-478-9620,,,,dboughtonnk,RxqWYMp
11/17/1987,439986364,ldonetnl@yandex.ru,,,667-453-4646,203-282-3800,,sreillynl,lfwugAjg
1/30/1942,276046247,tlawlesnm@google.com.hk,Terrijo,317-341-1094,270-352-5881,,,tgottsnm,9LfsBgBAOfB
5/22/1994,051509159,lgloucesternn@fotki.com,Libbie,,354-414-5968,165-491-5951,,lmaleknn,vd3PP4N7yS
2/19/1994,936714362,hchurchyardno@google.com,,805-664-9488,,927-462-6688,,erothertno,RpAVIoL0xB
1/27/1984,939144539,,Syman,634-822-0977,,,,smingottinp,LQAcja2hnNG7
10/23/1924,206650495,ftrustienq@php.net,,973-795-7876,,,,astigersnq,mVcUyY6jvQ1
5/8/1911,059246950,gsheerinnr@wix.com,,,,,,figlesiasnr,1lUz58P19ZAo
3/29/1957,128257840,gkiljanns@wikia.com,,712-951-5352,,,,owarbysns,VJTemHh0L
5/16/1950,697259196,,,696-504-8332,,,,cherrievennt,mxDJw6h0n5G
1/26/1971,223606938,kvanthoognu@blogspot.com,,,275-199-1603,,,etadlownu,bqHwVCnL1
10/22/1958,909453475,lbrimilcombenv@google.cn,,,468-677-8008,,,natkinsnv,mDUjnZ
10/8/1986,985874761,cbaccupnw@wp.com,,,,,232-716-3896,bquaylenw,ZypCScOQa
9/29/1914,383458287,esimonininx@google.co.jp,,444-258-7350,959-699-8608,,,gbuckberrynx,j0V8TOpSkZT
12/1/1989,830365743,nkeijserny@washington.edu,,,298-380-9939,,,wpridhamny,Ic5I91
1/25/1923,568407215,rfrancombenz@github.com,,866-408-3868,,,,gwarwickernz,rF7jMwGmXZ
10/10/1926,977956432,gyegoshino0@economist.com,,,,,,lklampto0,MplI8og
7/15/1985,926077301,gbagniuko1@google.ru,Gretna,966-899-8043,,,,gkisso1,cRtvF41f10D
12/23/1990,607736246,,Leone,175-806-4806,718-401-8768,,,lmckeao2,Mo3lSxGEFN
12/25/1985,423512944,,,,,,,hitzhayeko3,W90HT46f
6/24/1955,178353634,amatthewmano4@timesonline.co.uk,,408-153-5330,,,,wthurskeo4,cjFal5XQww
10/25/1924,954196679,sranaghano5@huffingtonpost.com,Susan,111-539-0833,,,,smacnesso5,y52QdG
11/29/1943,062328382,eolivellio6@seesaa.net,,539-599-7554,,,,ddaltreyo6,avmQ5jWbgV
1/19/1973,210215103,hcastagnerio7@census.gov,,111-286-2171,,,,lwaterdrinkero7,WoOUbNOPcpR
1/14/1966,830488523,,Tilly,677-162-1052,,,,thellmoreo8,ntPiPMN
6/21/1984,125325962,grosenhauso9@simplemachines.org,,457-267-7038,,,,coscrofto9,oP6xzmu
11/18/1966,811183546,,,,,,,sinsolloa,LGExDFFJ
7/2/1981,840741590,lvealeob@ted.com,,665-523-8493,,,,mchamperlenob,7pTzxoNieBG
10/14/1943,546625660,kiversonoc@vistaprint.com,,691-133-5003,,,,bhorrodoc,TmXWvguky
8/4/1974,478211687,tgroartyod@gizmodo.com,,,,,,dstandbrookeod,C1Op45hH9dQy
1/25/1950,737511774,tbartolomivisoe@adobe.com,,,,,,vbeadelloe,2lNYqm2Q
10/19/1914,617447897,aklimmekof@addtoany.com,,207-285-1033,,,,edanielczykof,r7AIyl
5/25/1977,178977495,tflochog@themeforest.net,Thaddus,674-795-4571,,,,tobradaneog,Zot2xIpCi5mX
6/24/1978,300927413,ckeppeoh@aboutads.info,,,,,,xromushkinoh,l6XQ0WbYX
11/22/1984,678047009,bmcguirkoi@ebay.co.uk,Birgit,,120-606-2452,,,bquilliamoi,VsG0wdoF
8/9/1953,569147114,hwoollendsoj@hud.gov,,249-795-0713,,,266-159-9982,phouldoj,m2vJfMh0o5i
3/5/1925,866338685,jblagburnok@feedburner.com,Jasun,,,,,jaucourteok,PSDiPZhe
3/21/1920,400795913,bstinsonol@answers.com,,238-911-9314,,502-583-0874,,mmagnusol,YtWMzMPDp
12/8/1978,959763981,gholleworthom@skyrock.com,,980-993-0181,,,,kleekom,0lfSHVh
9/17/1972,761750645,tparkhouseon@bloglines.com,,300-656-0266,,,,cbutcheron,8RPkgL6qa
8/24/1931,019332984,jporcasoo@hp.com,,,140-601-0290,619-376-3918,,tibbitsonoo,O7SfjIEQi
8/13/1930,527767909,edemicoliop@123-reg.co.uk,,612-721-0242,,780-370-6225,,codlinop,CXFRcgc
7/27/1933,189299878,,,235-252-2657,,,,bmccombeoq,Pk18ie9GyXx
7/17/1988,856076237,lsquirrelor@foxnews.com,,,,,,kscardafieldor,JWdSMe
1/1/1970,154122796,aguittonos@hubpages.com,,,,,,mlittellos,i7kZIoUePN
5/1/1945,343402812,jradcliffeot@blogspot.com,Jarred,,434-977-9872,,303-682-0608,jhalloranot,n8pnKQSBg
7/22/1920,250619350,gbruckou@hugedomains.com,Granger,400-283-4043,,380-320-9123,,grichieou,dnlMSw
6/25/1965,808567537,rcanadaov@unesco.org,,645-841-0214,,,,ewassungov,jndehsRG
10/9/1981,840084798,clazellow@clickbank.net,,,881-849-7121,,,amartonfiow,rFlNfQArv
8/12/1917,887943726,slitsterox@arstechnica.com,,807-875-9018,380-989-3142,,,bbaldockox,zwmEB5IpnfpP
9/8/1936,119816979,bhummerstonoy@ibm.com,,676-962-1252,198-893-8141,,,murlingoy,mK3gRoAqutB
12/23/1915,522068579,agarvilloz@state.tx.us,Abbi,,166-507-0647,,486-634-5972,awilldenoz,kIq71Q7gQ
8/10/1920,696968382,lmcgillivrayp0@over-blog.com,,193-114-4112,551-808-4659,986-370-7349,,bsegop0,o34pkML
5/1/1916,430032427,igurnellp1@mapy.cz,,,116-367-2209,,,cshergillp1,rXpbA1sSCPL9
9/17/1915,778343201,sharrodp2@mashable.com,,110-394-5010,135-940-7745,,275-352-6859,grarityp2,ona0REqz
5/8/1983,234838429,smcgurkp3@hibu.com,,,593-703-6533,,,lvansalzbergerp3,oLADzyR8Q9
10/22/1957,321190207,leglesep4@delicious.com,,896-113-6648,,,,gthomap4,DdeNIQQPGD5
8/30/1955,216914530,aionsp5@webmd.com,,961-933-6041,,,,hcantup5,1NAJZA7U
2/2/1978,389998971,fkrellep6@earthlink.net,,,,,,vroskeillyp6,BqjAuu7rqO
12/1/1922,686854596,gbutp7@nbcnews.com,,936-266-5368,972-142-7193,822-964-4286,,spillansp7,QQshNTDQqgpS
6/30/1990,195865089,bdormonp8@wordpress.org,Brittaney,562-685-8577,,,,brandsp8,RyxE02
8/9/1917,627018892,gbladderp9@netlog.com,,592-619-5317,,,,cdrissellp9,6cFbzGx
10/30/1912,133683690,tbuckneypa@vinaora.com,Tracy,,,,,tplaxtonpa,iOaoXwnYD
6/12/1926,618601119,,,,,,,lturleypb,spNp8rOedy
10/1/1920,288914046,sdaniellspc@samsung.com,Sabina,623-892-2166,,,,smurtpc,qjmxRAI
11/29/1936,313602841,kdeanepd@github.io,,668-895-8609,284-330-6632,,,afifieldpd,QWM5eBfpb
11/24/1917,123815493,,Adamo,752-467-8990,100-866-5142,,,ahowattpe,pvkHaIy
2/13/1911,458811942,ndilgarnopf@imageshack.us,,,,,,troycroftpf,MZMZZIenS
5/3/1974,832239175,dgotchpg@addtoany.com,,759-542-9872,,,,delderfieldpg,o4Vl3ge4ET
12/27/1958,334675588,erousellph@slashdot.org,,597-681-8557,,,,sbrenardph,fggXN4Ys
2/10/1934,792041983,agantlettpi@gnu.org,,,341-535-5683,,,emedlandpi,mwho7iCn0
2/20/1954,940756283,bmalehampj@addtoany.com,,152-754-7156,,,,mhackettpj,QRFZtXyqvq
10/18/1931,414201805,,,119-590-9004,,,,pdeyespk,0AmxMPk8fK
11/30/1939,646232959,trutherfoordpl@1und1.de,,731-863-8991,,,,jmcgeochpl,UDBWKv6u
3/21/1913,171838329,jeneaspm@msn.com,,801-212-4778,,811-118-2060,,tfoldspm,t0zXf3uxTV2v
1/11/1948,209826842,dlingerpn@taobao.com,,234-916-1769,373-289-1231,,,kbaldinipn,oeUGuaMvsGn
3/3/1948,434996895,blerwillpo@privacy.gov.au,,906-775-8323,,,,kkobuspo,AaMVHXOvE
6/8/1956,043053961,,Aldon,528-955-9145,,,,amilnepp,sYf6bmTeWj
7/30/1943,335499576,jsharrierpq@booking.com,,,409-250-5904,,,caulettapq,03JyzqT9T
1/9/1967,704964327,,Bond,272-622-4851,,,,bjahnkepr,zRrdKyBCv
3/21/1957,472303362,esylvesterps@geocities.jp,,,,,,sbrinklowps,znztqBum
11/15/1953,771472112,,,,979-711-5512,,,ebahlmannpt,ndf35enN
5/26/1972,290090750,mhebditchpu@angelfire.com,,152-886-5847,,,,gfilppettipu,LgD6WCa
10/23/1976,389586469,huziellipv@vkontakte.ru,,202-728-1098,501-626-9622,,,lculpinpv,LUg1Yhsw2cG
11/16/1983,655547668,mcorbouldpw@ycombinator.com,,,,,,mmacinnespw,r6VUETo
3/26/1982,399778769,,,,,,,renderspx,Fi76uJXTnI
7/13/1983,763578519,oprosepy@tuttocitta.it,,,234-867-7180,,,mgowanspy,eGhwwx
3/27/1965,930835589,ihallowellpz@merriam-webster.com,,,,,,bdavisonpz,kvtwKjr5
9/15/1927,752372176,bmcguffogq0@china.com.cn,,,,,,cshaylorq0,7k3gdTP
4/11/1928,616943592,mpaikeq1@sun.com,,,862-310-3475,,,wdoutyq1,D3SOl3Oz4abn
4/25/1958,459839616,jwhaitesq2@etsy.com,,838-824-1414,443-198-8341,,,hstensonq2,IBMW3lR14vI
9/14/1990,769847575,rpeggq3@bloglovin.com,,,889-965-9417,,,tstilingq3,nusYsS9Hw
8/6/1955,480180227,cvaliantq4@mapquest.com,,,,,,cattwoulq4,3vu8GO
1/19/1933,088059509,pwoodnuttq5@google.ru,,581-138-9011,,493-271-4867,,ssarllq5,FMuAix
11/29/1979,798121335,bkliemannq6@cnbc.com,,,,,,jlawleyq6,OgvgF01
1/2/1941,652572664,bcallq7@usgs.gov,,,,,,wnelleq7,eGwJKNqZ56n
9/7/1932,489606529,ddelaceyq8@imdb.com,,,,,,sjancq8,MnQu93dty
6/9/1975,433854337,asprossonq9@dailymotion.com,,,,839-229-7916,,hscrivinerq9,dp2cW3
6/23/1927,702931022,,,,,,,warmfieldqa,JbA3mwI
5/1/1946,407536415,mjanuaryqb@foxnews.com,Marquita,,,,,mcorhardqb,7CXhuT1
4/26/1957,988934396,yairlieqc@pbs.org,,970-657-8281,,,,afleetwoodqc,JGjF8UKaD
1/31/1965,074718061,pwolversonqd@wired.com,,810-589-9528,791-305-4785,,,gmckennyqd,7axzcz6j6K6U
3/22/1910,809292877,vtucknuttqe@dion.ne.jp,Vivyan,,209-701-8305,,937-874-2231,vhakeqe,SDX8vE
11/7/1946,392384825,bmussettiniqf@hubpages.com,,,419-918-4427,,,chugganqf,Ff3R4f4U1F
10/1/1921,012931200,agiraldonqg@mediafire.com,,,,,414-479-0060,ppetraccoqg,PyAMMOP
6/13/1986,461788346,tbrodestqh@chronoengine.com,Tommie,,,,,trumbellowqh,38smwJTiJpX
11/20/1991,008621673,hsainterqi@fotki.com,Harriett,,,,,hmelanaphyqi,d7gkvyhr4n
6/6/1970,470035837,bissonqj@foxnews.com,,383-859-6696,,,,kbouslerqj,UDYziotn
6/8/1913,257629992,ltopqk@nba.com,,,,,,vcomoqk,h4DFjFe
6/7/1954,503625430,cshellyql@redcross.org,,,,,,vokaneql,4qSoSkmPq
12/12/1969,935545635,nwillertonqm@1688.com,,922-346-4026,,,,dsanhamqm,C3dW6DBBo
5/17/1971,851790259,jrowlattqn@addthis.com,,,,,,jwyrallqn,WzOSk7v
10/3/1987,323355457,dstiellqo@wunderground.com,,858-593-6844,,,496-194-3714,cluckieqo,vcHEhU
4/16/1940,255272796,bmellmothqp@naver.com,,899-549-1431,718-526-9569,,,cjaeggiqp,yE19U4v0AJ1
6/9/1924,831576035,nbortolazziqq@sciencedaily.com,,,938-971-7982,,,gkisbyqq,AKLZk9Ee
6/2/1966,052015655,bmaffyqr@diigo.com,Boyd,231-691-8413,,,,bgoltqr,hsXlwiOatRmo
12/7/1981,279651737,,,,,731-699-4702,,fdythamqs,9q5zzmO
1/3/1983,094096494,pbursnallqt@psu.edu,,,827-735-6132,,304-344-5722,hcarahqt,1u4lC5c53qts
9/14/1950,653710866,mpackwoodqu@cbsnews.com,,950-450-2004,431-860-7843,,,acottagequ,cLf9Lo685
11/24/1967,082793696,klovewellqv@e-recht24.de,,,,709-112-5101,,jwylemanqv,NiSc0Jh
9/5/1984,048068841,mornillosqw@jigsy.com,,,,,,gmcallanqw,wW3UaD9A
12/27/1975,206635553,bhitscherqx@acquirethisname.com,,,,,,bshillabearqx,zfF32eUIZhs
11/28/1953,646799867,rdunstonqy@123-reg.co.uk,,,,,,kgwytherqy,KFp6Tp3iVUd
12/5/1963,745440500,gmckeranqz@msn.com,,,,,,mgowthropqz,UqN6dJ
1/2/1972,830869417,,,969-820-8197,729-943-7458,935-953-4161,,fsterker0,wKLb9Y722MU
2/8/1977,791895001,ccartinr1@about.com,,875-707-0027,,,,hsimr1,iIwqdq0ZcFO
5/2/1947,567872694,rfludgater2@dell.com,,,,,,kgarlicker2,2EfUyL1r
3/5/1950,234846518,askittrallr3@sohu.com,,,,,,tleversonr3,TSTZzsHgErMZ
6/16/1947,312351886,tbridglandr4@msu.edu,,,,,,eseamarker4,5Lj1CWRY
9/12/1955,526062484,glincolnr5@godaddy.com,,,583-564-5503,,,rsedgemorer5,yaRyrv2cP
6/2/1947,621820721,wkeyser6@ameblo.jp,,715-194-6678,,,,fmellr6,gmhGO7
10/4/1931,799486031,dthomassinr7@state.gov,,,471-319-0281,,,bpoultneyr7,vPklU70PL6V
9/30/1922,164146401,mmichielir8@php.net,,,513-533-7040,,,mconeaur8,gX5sag
2/6/1930,905413356,rtyrwhittr9@t.co,,,933-140-7940,,,dflaveller9,hUlLRl
4/28/1924,245402475,rthorburnra@wufoo.com,Rachelle,,907-921-0616,,,rmuneelyra,nAFysDKmo
2/20/1992,342931842,bgainrb@bing.com,,809-329-6671,681-862-3976,282-545-2939,167-607-2826,mraubheimrb,7kMWnuycVPs
6/15/1966,885958245,leveritrc@sohu.com,,,,,,ofacerrc,lQZ6wRx8U8Np
7/8/1987,827201391,fofeeneyrd@blogtalkradio.com,,,,,,dveazeyrd,d97ZG6ozJNdM
1/12/1918,868826015,jgivere@shareasale.com,,344-770-8492,,268-370-7465,,tgollandre,OMwrBeH2b
8/31/1977,253290937,tbartholatrf@theatlantic.com,,,416-739-6877,910-827-6411,,vmacgloryrf,hpuaplWNWZen
7/12/1969,466330654,,,,,,,nbettlestonerg,5wil23dsYcFZ
2/14/1931,385219909,,,772-568-8464,347-790-0463,,,dmorriesonrh,dop80Q298
2/13/1961,898583974,akennonri@nydailynews.com,Annemarie,144-870-7773,591-268-8449,,,ahazlegroveri,T1bOhbRk
4/29/1928,936278535,,Henri,,,,,hcroninrj,HMC0Bkgzr
4/30/1932,864598113,lomearark@macromedia.com,,,,,,adiperausrk,lMNwep5dpw
6/20/1924,589452264,jottorl@archive.org,Jobi,,,,,jmasserl,UBfOOYrs
7/7/1982,855949425,ahemmingwayrm@ucoz.ru,,,,368-751-0402,,crispenrm,zMYCldMW06AK
9/19/1980,765967973,bbrotherheedrn@t.co,Barron,,,,,btomkinsonrn,vIzPXh8n
4/25/1931,120830434,skaveneyro@themeforest.net,Stacey,,668-128-6119,,,snehlsro,tKY6bY7sI
1/19/1961,047992684,,,,,,,bsaveryrp,bYFbIVCD5e5Z
7/2/1938,353873737,dbaddamrq@technorati.com,,,,,,vtookerrq,M9hespAp
3/31/1982,913446104,dlabdenrr@arstechnica.com,Darb,311-981-4602,,,,dkingsnodrr,RCj7qR1UX
